+24160000942
+24160001557
+24160001769
+24160002735
+24160004433
+24160004585
+24160004825
+24160005826
+24160006154
+24160006417
+24160007029
+24160007496
+24160008330
+24160009032
+24160011621
+24160011916
+24160012376
+24160013803
+24160014592
+24160014707
+24160015036
+24160015462
+24160015914
+24160016634
+24160017133
+24160017270
+24160017471
+24160017490
+24160018224
+24160019370
+24160019570
+24160020068
+24160020165
+24160020580
+24160021870
+24160022034
+24160022615
+24160023671
+24160024852
+24160025690
+24160026997
+24160027441
+24160027487
+24160027861
+24160028400
+24160028811
+24160028908
+24160028925
+24160029353
+24160033036
+24160034603
+24160035325
+24160035598
+24160037601
+24160039669
+24160040065
+24160040762
+24160041821
+24160042040
+24160042041
+24160042394
+24160043098
+24160043384
+24160043906
+24160044290
+24160045056
+24160045257
+24160045484
+24160045799
+24160046247
+24160046820
+24160047471
+24160048344
+24160048346
+24160050103
+24160050629
+24160052625
+24160053980
+24160054372
+24160054386
+24160054769
+24160055205
+24160055473
+24160056212
+24160056473
+24160057210
+24160058160
+24160059302
+24160060226
+24160060638
+24160060891
+24160061411
+24160062137
+24160062218
+24160063410
+24160063523
+24160063889
+24160063957
+24160064748
+24160065405
+24160065639
+24160065867
+24160066216
+24160067111
+24160067667
+24160068206
+24160069511
+24160069679
+24160070344
+24160070439
+24160070641
+24160070869
+24160072167
+24160072820
+24160074475
+24160075781
+24160075795
+24160077006
+24160077241
+24160077917
+24160078106
+24160078390
+24160078511
+24160079449
+24160079753
+24160080306
+24160080382
+24160080604
+24160082710
+24160082846
+24160083542
+24160084686
+24160084703
+24160085147
+24160086018
+24160087063
+24160087103
+24160087237
+24160088459
+24160089050
+24160089313
+24160089662
+24160089919
+24160089955
+24160090910
+24160090913
+24160091079
+24160091436
+24160091540
+24160091761
+24160092647
+24160093368
+24160093460
+24160093482
+24160093924
+24160094396
+24160094894
+24160095458
+24160095914
+24160096362
+24160096427
+24160098656
+24160099523
+24160101837
+24160101942
+24160101995
+24160102078
+24160102432
+24160103173
+24160103755
+24160105085
+24160105288
+24160105901
+24160105940
+24160106961
+24160108247
+24160108581
+24160109049
+24160109097
+24160110470
+24160111085
+24160111563
+24160111752
+24160113684
+24160114130
+24160114483
+24160114764
+24160115136
+24160116322
+24160116500
+24160116740
+24160116760
+24160117956
+24160118215
+24160119357
+24160119865
+24160120805
+24160122943
+24160123767
+24160124085
+24160125318
+24160125710
+24160126296
+24160126337
+24160127519
+24160127591
+24160127723
+24160127769
+24160127776
+24160128761
+24160128920
+24160129375
+24160129879
+24160129957
+24160130242
+24160131282
+24160131555
+24160131570
+24160132009
+24160132303
+24160133842
+24160133859
+24160134142
+24160134739
+24160135604
+24160135789
+24160135862
+24160136474
+24160137506
+24160137946
+24160137986
+24160138112
+24160138291
+24160139642
+24160139649
+24160140825
+24160142761
+24160143173
+24160143229
+24160144524
+24160146064
+24160146251
+24160147186
+24160147304
+24160147688
+24160148394
+24160149516
+24160149763
+24160149914
+24160150392
+24160150919
+24160151025
+24160151689
+24160152019
+24160152095
+24160153394
+24160153614
+24160154412
+24160154993
+24160155017
+24160155321
+24160155472
+24160156779
+24160157670
+24160157720
+24160157900
+24160160193
+24160160480
+24160161696
+24160162380
+24160162803
+24160163053
+24160163165
+24160163425
+24160163760
+24160163920
+24160165645
+24160166273
+24160166605
+24160167376
+24160167612
+24160167697
+24160167863
+24160168756
+24160171814
+24160172440
+24160175244
+24160176057
+24160177055
+24160177092
+24160177105
+24160177682
+24160178065
+24160178176
+24160179311
+24160179364
+24160179558
+24160181056
+24160181150
+24160182022
+24160183006
+24160183811
+24160183908
+24160184005
+24160184411
+24160184969
+24160185031
+24160185257
+24160185291
+24160185569
+24160185693
+24160186203
+24160186417
+24160186533
+24160187307
+24160187423
+24160189157
+24160191427
+24160192002
+24160193846
+24160193867
+24160194935
+24160195110
+24160195796
+24160196432
+24160196434
+24160196491
+24160197010
+24160197278
+24160197539
+24160197559
+24160198983
+24160200189
+24160200574
+24160200641
+24160201347
+24160204225
+24160204285
+24160204409
+24160206651
+24160206695
+24160206978
+24160207285
+24160207317
+24160209885
+24160210324
+24160210483
+24160211665
+24160212659
+24160213588
+24160214333
+24160215389
+24160215959
+24160216956
+24160220344
+24160220702
+24160220855
+24160222040
+24160222513
+24160222529
+24160223020
+24160225368
+24160225739
+24160225744
+24160227220
+24160228344
+24160228500
+24160229324
+24160229430
+24160229750
+24160230698
+24160230810
+24160231478
+24160232029
+24160232076
+24160232244
+24160233013
+24160233177
+24160233651
+24160234067
+24160234549
+24160234842
+24160236634
+24160237667
+24160238052
+24160238818
+24160238894
+24160239272
+24160239764
+24160241347
+24160241721
+24160241940
+24160242264
+24160242644
+24160243367
+24160243721
+24160246075
+24160246672
+24160246996
+24160248022
+24160248795
+24160248982
+24160249634
+24160250643
+24160250682
+24160250857
+24160251417
+24160251587
+24160251636
+24160251671
+24160251950
+24160252756
+24160253027
+24160254323
+24160255458
+24160255737
+24160256292
+24160256528
+24160257387
+24160257500
+24160257577
+24160259573
+24160259839
+24160260424
+24160260685
+24160261556
+24160261634
+24160261685
+24160261989
+24160262269
+24160263002
+24160263641
+24160264750
+24160265422
+24160265596
+24160265906
+24160268689
+24160269089
+24160269181
+24160269213
+24160269246
+24160269861
+24160269931
+24160270579
+24160272988
+24160273203
+24160273319
+24160275078
+24160275518
+24160275703
+24160275737
+24160276170
+24160276549
+24160276591
+24160278275
+24160278351
+24160279328
+24160279336
+24160279835
+24160280321
+24160280546
+24160280924
+24160282373
+24160284175
+24160284709
+24160285000
+24160287273
+24160288128
+24160288851
+24160289150
+24160289341
+24160290166
+24160290449
+24160290956
+24160291751
+24160292026
+24160292056
+24160293696
+24160294105
+24160294834
+24160296179
+24160296191
+24160297777
+24160300548
+24160302290
+24160302580
+24160302811
+24160303733
+24160305627
+24160305692
+24160305984
+24160306201
+24160306255
+24160306741
+24160307220
+24160307398
+24160307440
+24160307564
+24160307848
+24160307903
+24160308952
+24160310147
+24160313091
+24160313128
+24160313652
+24160314324
+24160315456
+24160315925
+24160316422
+24160316658
+24160316736
+24160317365
+24160317971
+24160318425
+24160318492
+24160318933
+24160319141
+24160320171
+24160320290
+24160321484
+24160322370
+24160322774
+24160322876
+24160323882
+24160324644
+24160324979
+24160325136
+24160325229
+24160325800
+24160325951
+24160326619
+24160326731
+24160327619
+24160328197
+24160329072
+24160329127
+24160330125
+24160330372
+24160330743
+24160331144
+24160331379
+24160331838
+24160333196
+24160333833
+24160334377
+24160336456
+24160336861
+24160338030
+24160338205
+24160338307
+24160338424
+24160338767
+24160339082
+24160340147
+24160340491
+24160342233
+24160342717
+24160343866
+24160343974
+24160344075
+24160344912
+24160344937
+24160345176
+24160345671
+24160345751
+24160345842
+24160347189
+24160348241
+24160348306
+24160349209
+24160350325
+24160350896
+24160351106
+24160351843
+24160352081
+24160352152
+24160353480
+24160354216
+24160354738
+24160355460
+24160356580
+24160356943
+24160357195
+24160357639
+24160357958
+24160358489
+24160359036
+24160359114
+24160360148
+24160360884
+24160362875
+24160363523
+24160364057
+24160364795
+24160364825
+24160365980
+24160366209
+24160366586
+24160367022
+24160367685
+24160367742
+24160367788
+24160369702
+24160369903
+24160370306
+24160370559
+24160371113
+24160372529
+24160372925
+24160373226
+24160373457
+24160374251
+24160375730
+24160375977
+24160376065
+24160376386
+24160376926
+24160377006
+24160378120
+24160378382
+24160380034
+24160380636
+24160380657
+24160380662
+24160380878
+24160381387
+24160381459
+24160381703
+24160382698
+24160382825
+24160383638
+24160384514
+24160384861
+24160384908
+24160385093
+24160385861
+24160386445
+24160386657
+24160386782
+24160386899
+24160387978
+24160388869
+24160389620
+24160390936
+24160390962
+24160391480
+24160391598
+24160391940
+24160395088
+24160396565
+24160396740
+24160397560
+24160398814
+24160399413
+24160400344
+24160400380
+24160400724
+24160401159
+24160401225
+24160402575
+24160402797
+24160403460
+24160403552
+24160403964
+24160405765
+24160406131
+24160406691
+24160407698
+24160408434
+24160409467
+24160409739
+24160410037
+24160410424
+24160410858
+24160410977
+24160411672
+24160412306
+24160412892
+24160414183
+24160414217
+24160414471
+24160415255
+24160415843
+24160416274
+24160416805
+24160417043
+24160417963
+24160419342
+24160419796
+24160420440
+24160420812
+24160421502
+24160421528
+24160422143
+24160422590
+24160422743
+24160422817
+24160423168
+24160423917
+24160424323
+24160425003
+24160425797
+24160426469
+24160426724
+24160427707
+24160429263
+24160429823
+24160430824
+24160432290
+24160432694
+24160433022
+24160433193
+24160433701
+24160434857
+24160435504
+24160437727
+24160438554
+24160439559
+24160439649
+24160442413
+24160442578
+24160442718
+24160443123
+24160444409
+24160444440
+24160444487
+24160444722
+24160445077
+24160445539
+24160446565
+24160447742
+24160448088
+24160448308
+24160449064
+24160450287
+24160450776
+24160451739
+24160452126
+24160452152
+24160452651
+24160453118
+24160453413
+24160454285
+24160454774
+24160454884
+24160455294
+24160455466
+24160455841
+24160456288
+24160456372
+24160456681
+24160457154
+24160457672
+24160457682
+24160458513
+24160458532
+24160459535
+24160460440
+24160461526
+24160461845
+24160462153
+24160462606
+24160462726
+24160462728
+24160463336
+24160463749
+24160463808
+24160465278
+24160466263
+24160469664
+24160469899
+24160469952
+24160469980
+24160470606
+24160470723
+24160471198
+24160472510
+24160472620
+24160472686
+24160472993
+24160473073
+24160473645
+24160474336
+24160474887
+24160478754
+24160479048
+24160479190
+24160479644
+24160480561
+24160480749
+24160481439
+24160482965
+24160484138
+24160484179
+24160484324
+24160484466
+24160485348
+24160485430
+24160486039
+24160486555
+24160486661
+24160487147
+24160487667
+24160487841
+24160487866
+24160488415
+24160488447
+24160490368
+24160490559
+24160490607
+24160491914
+24160494122
+24160494996
+24160495053
+24160495356
+24160495407
+24160495839
+24160497378
+24160497730
+24160497893
+24160497919
+24160500487
+24160501122
+24160503301
+24160503307
+24160503350
+24160503680
+24160504904
+24160505310
+24160506604
+24160506908
+24160508430
+24160509116
+24160509663
+24160509684
+24160510061
+24160510124
+24160510374
+24160510479
+24160511113
+24160511477
+24160511628
+24160512593
+24160513286
+24160513719
+24160514004
+24160514866
+24160516660
+24160517976
+24160518089
+24160518656
+24160519041
+24160519314
+24160519962
+24160520513
+24160521152
+24160522051
+24160522474
+24160522725
+24160523842
+24160523852
+24160524284
+24160525357
+24160526114
+24160526129
+24160526136
+24160526582
+24160526988
+24160527159
+24160527262
+24160527495
+24160527642
+24160527845
+24160529975
+24160530184
+24160532069
+24160534341
+24160534990
+24160535108
+24160536090
+24160536362
+24160537359
+24160537783
+24160538081
+24160540249
+24160541506
+24160542936
+24160543539
+24160545642
+24160546347
+24160546532
+24160546987
+24160547082
+24160547860
+24160547959
+24160547979
+24160550118
+24160550183
+24160551119
+24160551712
+24160552509
+24160552980
+24160553340
+24160553540
+24160553660
+24160553852
+24160554468
+24160554594
+24160555358
+24160555367
+24160557230
+24160557847
+24160558202
+24160558265
+24160559587
+24160560837
+24160561119
+24160561405
+24160562011
+24160562758
+24160562900
+24160563691
+24160567600
+24160567647
+24160568336
+24160569129
+24160569992
+24160570541
+24160571033
+24160572263
+24160572630
+24160573499
+24160573639
+24160574584
+24160575067
+24160575999
+24160576090
+24160576269
+24160579672
+24160579917
+24160580025
+24160581055
+24160581466
+24160582400
+24160583121
+24160583475
+24160583542
+24160584168
+24160585533
+24160586965
+24160587454
+24160587667
+24160590600
+24160590691
+24160590733
+24160591165
+24160591247
+24160591555
+24160591753
+24160592139
+24160592527
+24160592932
+24160594129
+24160594314
+24160594322
+24160594675
+24160595653
+24160596431
+24160596694
+24160596790
+24160597501
+24160598934
+24160598953
+24160599061
+24160599072
+24160599367
+24160599699
+24160599760
+24160600294
+24160601371
+24160602807
+24160604007
+24160604512
+24160604564
+24160604838
+24160604925
+24160606309
+24160607430
+24160608355
+24160609827
+24160609988
+24160610629
+24160610751
+24160611662
+24160611820
+24160612291
+24160612295
+24160612529
+24160613011
+24160613473
+24160614021
+24160614475
+24160614759
+24160614831
+24160615096
+24160616111
+24160616238
+24160616298
+24160616313
+24160617458
+24160617481
+24160618954
+24160619067
+24160620493
+24160620532
+24160620798
+24160621946
+24160622687
+24160622750
+24160623227
+24160623379
+24160623850
+24160624608
+24160624831
+24160625498
+24160626140
+24160626426
+24160627161
+24160630604
+24160631096
+24160631540
+24160631835
+24160632121
+24160632381
+24160632804
+24160632987
+24160634751
+24160635327
+24160635399
+24160636224
+24160636695
+24160637095
+24160637154
+24160637314
+24160637390
+24160637507
+24160637869
+24160638002
+24160638039
+24160638202
+24160639999
+24160641605
+24160642469
+24160643384
+24160643616
+24160643980
+24160644860
+24160646528
+24160646636
+24160646816
+24160647344
+24160647622
+24160648215
+24160648515
+24160650856
+24160650925
+24160651424
+24160651633
+24160651839
+24160652012
+24160652950
+24160653172
+24160653853
+24160654259
+24160654537
+24160656783
+24160657562
+24160657721
+24160659524
+24160659571
+24160660196
+24160660319
+24160660433
+24160661181
+24160663276
+24160663655
+24160665009
+24160668258
+24160668625
+24160669587
+24160670018
+24160671968
+24160672141
+24160672328
+24160672782
+24160673580
+24160674528
+24160674683
+24160675153
+24160675787
+24160675902
+24160676025
+24160676350
+24160676852
+24160677476
+24160677598
+24160678596
+24160679065
+24160679805
+24160680241
+24160683226
+24160683617
+24160683841
+24160684856
+24160684907
+24160685808
+24160687252
+24160687342
+24160687586
+24160687832
+24160688642
+24160688734
+24160688900
+24160689145
+24160689754
+24160691376
+24160691900
+24160692126
+24160692388
+24160692666
+24160692697
+24160693726
+24160694766
+24160694876
+24160695176
+24160695180
+24160695529
+24160696841
+24160697460
+24160698212
+24160699087
+24160699504
+24160699615
+24160699772
+24160700036
+24160700107
+24160700459
+24160700685
+24160700975
+24160702465
+24160702845
+24160704485
+24160704628
+24160705219
+24160705802
+24160707328
+24160707527
+24160708212
+24160708280
+24160708612
+24160709460
+24160709495
+24160710624
+24160710642
+24160712582
+24160712689
+24160713473
+24160713507
+24160714308
+24160714852
+24160716104
+24160716971
+24160717275
+24160718003
+24160718304
+24160719367
+24160719940
+24160720902
+24160721186
+24160721908
+24160723041
+24160723479
+24160723571
+24160723965
+24160724276
+24160726545
+24160726892
+24160726959
+24160727320
+24160727642
+24160728962
+24160729238
+24160729852
+24160730203
+24160730423
+24160732295
+24160733325
+24160733447
+24160734209
+24160734620
+24160734732
+24160735056
+24160735254
+24160735454
+24160735646
+24160736196
+24160736428
+24160737065
+24160737318
+24160737633
+24160739056
+24160739846
+24160740738
+24160740988
+24160741987
+24160743513
+24160743934
+24160744166
+24160745533
+24160745767
+24160745941
+24160747228
+24160747442
+24160747570
+24160748420
+24160749568
+24160750028
+24160751241
+24160752139
+24160754128
+24160754432
+24160755001
+24160755004
+24160755239
+24160755565
+24160756503
+24160757162
+24160757198
+24160757257
+24160757305
+24160757420
+24160758614
+24160758847
+24160759032
+24160759466
+24160759575
+24160759861
+24160761110
+24160761503
+24160761802
+24160762188
+24160762216
+24160763152
+24160763321
+24160763433
+24160763752
+24160765567
+24160765792
+24160766219
+24160766380
+24160766781
+24160767454
+24160768706
+24160768724
+24160769375
+24160769460
+24160770030
+24160773467
+24160774062
+24160775177
+24160775778
+24160776006
+24160776144
+24160776221
+24160777090
+24160777182
+24160778623
+24160779000
+24160779973
+24160780348
+24160780603
+24160781399
+24160782176
+24160782221
+24160782570
+24160783065
+24160784305
+24160786599
+24160786820
+24160786913
+24160787124
+24160788542
+24160789431
+24160789438
+24160789955
+24160790558
+24160790791
+24160791309
+24160792479
+24160792636
+24160792792
+24160792827
+24160793428
+24160794148
+24160795323
+24160795942
+24160796114
+24160798790
+24160799320
+24160802065
+24160802146
+24160803470
+24160803579
+24160804725
+24160805527
+24160805562
+24160806290
+24160806362
+24160807863
+24160808127
+24160808194
+24160808627
+24160809403
+24160811337
+24160811822
+24160812409
+24160813836
+24160814043
+24160814147
+24160814414
+24160814795
+24160814828
+24160815680
+24160816114
+24160816337
+24160816819
+24160816936
+24160819263
+24160819443
+24160819513
+24160819703
+24160820239
+24160821358
+24160823121
+24160823639
+24160824037
+24160824879
+24160826217
+24160826399
+24160826410
+24160826949
+24160827118
+24160827946
+24160828614
+24160829708
+24160830249
+24160831871
+24160832689
+24160832817
+24160832836
+24160833016
+24160833149
+24160833431
+24160833885
+24160834106
+24160834863
+24160836079
+24160836191
+24160836427
+24160836626
+24160837317
+24160838034
+24160838727
+24160839080
+24160839486
+24160839637
+24160839763
+24160839779
+24160840753
+24160842246
+24160843084
+24160843115
+24160843813
+24160843907
+24160844369
+24160844500
+24160846173
+24160846504
+24160846595
+24160847376
+24160847407
+24160847761
+24160847800
+24160848069
+24160848860
+24160849022
+24160849070
+24160849614
+24160850703
+24160851999
+24160852092
+24160852308
+24160852429
+24160853222
+24160853452
+24160854504
+24160855077
+24160855706
+24160856246
+24160856458
+24160856856
+24160858766
+24160860098
+24160861617
+24160861780
+24160862352
+24160863163
+24160863925
+24160863971
+24160864084
+24160864093
+24160864578
+24160865565
+24160866011
+24160866792
+24160866859
+24160867327
+24160868467
+24160868646
+24160870564
+24160870760
+24160872239
+24160872795
+24160873303
+24160873440
+24160875342
+24160875459
+24160875466
+24160875553
+24160875663
+24160875807
+24160876580
+24160876640
+24160877604
+24160878295
+24160880274
+24160880287
+24160880468
+24160881130
+24160882736
+24160884195
+24160884223
+24160884739
+24160885156
+24160885912
+24160886299
+24160887023
+24160887160
+24160889403
+24160889439
+24160889447
+24160892227
+24160892804
+24160893769
+24160893859
+24160893946
+24160894992
+24160895811
+24160897579
+24160900122
+24160900641
+24160901835
+24160902659
+24160902675
+24160902831
+24160904200
+24160904230
+24160904886
+24160906970
+24160908069
+24160909586
+24160910078
+24160910533
+24160910999
+24160912414
+24160912554
+24160913222
+24160915627
+24160916326
+24160916900
+24160917286
+24160917424
+24160918065
+24160918765
+24160919820
+24160920202
+24160921130
+24160921213
+24160921793
+24160923558
+24160923931
+24160924097
+24160924590
+24160925335
+24160925721
+24160930968
+24160931381
+24160931513
+24160931790
+24160933156
+24160934216
+24160934627
+24160934833
+24160934958
+24160935166
+24160935425
+24160935453
+24160936052
+24160936591
+24160936745
+24160938437
+24160938721
+24160938887
+24160940282
+24160940612
+24160940728
+24160941237
+24160943910
+24160943924
+24160945125
+24160945747
+24160945812
+24160946096
+24160946391
+24160946771
+24160950457
+24160951107
+24160951674
+24160951817
+24160951882
+24160952332
+24160952732
+24160952819
+24160953138
+24160953609
+24160953913
+24160954092
+24160954240
+24160954942
+24160955011
+24160955340
+24160955531
+24160955764
+24160956892
+24160956925
+24160958124
+24160958149
+24160958395
+24160960070
+24160960130
+24160960208
+24160961751
+24160962022
+24160962204
+24160963370
+24160963532
+24160964135
+24160964710
+24160965328
+24160967031
+24160967239
+24160967249
+24160967540
+24160967585
+24160968781
+24160969089
+24160969970
+24160970325
+24160971063
+24160971130
+24160971980
+24160972048
+24160973968
+24160974062
+24160974079
+24160976138
+24160976879
+24160977131
+24160977612
+24160978146
+24160978484
+24160979501
+24160979932
+24160982068
+24160982645
+24160982742
+24160983004
+24160983140
+24160983674
+24160984495
+24160985295
+24160985986
+24160986912
+24160987152
+24160988080
+24160988635
+24160988883
+24160988940
+24160988966
+24160989117
+24160989979
+24160990415
+24160990484
+24160993333
+24160994260
+24160994332
+24160994558
+24160995100
+24160995631
+24160996268
+24160996760
+24160998136
+24160998203
+24160998803
+24160998883
+24160999752
+24161001151
+24161001231
+24161001834
+24161003036
+24161003534
+24161003758
+24161003862
+24161003971
+24161004009
+24161004700
+24161005585
+24161006602
+24161007786
+24161009542
+24161010114
+24161010386
+24161012743
+24161013156
+24161013505
+24161013897
+24161014691
+24161015270
+24161015274
+24161016924
+24161017107
+24161018335
+24161018424
+24161021410
+24161021562
+24161022970
+24161023301
+24161023463
+24161023530
+24161023998
+24161024814
+24161025068
+24161025725
+24161027291
+24161027379
+24161027491
+24161028467
+24161028633
+24161028796
+24161029705
+24161030049
+24161030974
+24161030990
+24161031558
+24161032106
+24161032116
+24161032167
+24161033121
+24161033236
+24161033727
+24161034207
+24161034472
+24161034750
+24161035642
+24161035767
+24161036638
+24161038391
+24161038494
+24161039206
+24161039695
+24161041508
+24161041855
+24161042266
+24161042736
+24161042809
+24161043119
+24161045821
+24161045882
+24161045912
+24161045941
+24161046641
+24161048025
+24161048561
+24161048630
+24161049078
+24161050142
+24161050789
+24161050990
+24161051970
+24161052485
+24161053351
+24161053423
+24161053492
+24161054032
+24161054108
+24161054798
+24161054874
+24161055665
+24161056153
+24161056251
+24161056992
+24161057943
+24161059632
+24161060432
+24161060935
+24161061324
+24161062737
+24161062864
+24161063036
+24161063037
+24161063736
+24161065537
+24161065546
+24161067780
+24161068030
+24161068180
+24161069621
+24161071460
+24161071889
+24161073268
+24161073726
+24161076391
+24161077100
+24161078210
+24161078406
+24161078969
+24161080648
+24161080766
+24161081358
+24161081610
+24161082003
+24161082379
+24161082732
+24161082885
+24161082997
+24161083014
+24161083412
+24161083455
+24161083801
+24161084402
+24161084762
+24161085365
+24161085372
+24161086695
+24161086888
+24161087268
+24161088585
+24161088606
+24161088663
+24161089021
+24161089124
+24161089389
+24161089733
+24161090049
+24161090382
+24161090561
+24161091202
+24161091657
+24161092417
+24161092588
+24161092592
+24161093065
+24161093603
+24161093666
+24161093835
+24161094390
+24161094811
+24161096138
+24161096244
+24161096725
+24161098152
+24161098778
+24161099182
+24161100100
+24161100639
+24161100665
+24161103134
+24161103312
+24161103396
+24161104635
+24161104895
+24161105043
+24161105762
+24161107071
+24161107354
+24161109810
+24161110380
+24161110395
+24161111942
+24161112025
+24161112925
+24161113357
+24161115134
+24161115937
+24161119137
+24161119479
+24161121412
+24161122928
+24161123162
+24161125438
+24161126396
+24161126411
+24161126743
+24161126952
+24161128173
+24161130013
+24161130026
+24161130789
+24161131119
+24161132145
+24161132323
+24161132326
+24161132805
+24161133245
+24161134539
+24161134953
+24161135302
+24161136208
+24161137214
+24161137520
+24161137544
+24161137604
+24161139176
+24161139896
+24161141322
+24161141874
+24161142259
+24161142625
+24161142707
+24161143754
+24161143917
+24161143934
+24161144292
+24161144651
+24161144783
+24161144793
+24161144794
+24161145279
+24161145726
+24161146807
+24161146922
+24161148286
+24161149388
+24161150129
+24161150467
+24161150660
+24161151082
+24161151183
+24161152928
+24161153574
+24161153826
+24161154155
+24161154489
+24161154501
+24161154891
+24161155062
+24161155631
+24161155711
+24161156374
+24161156879
+24161157189
+24161157313
+24161158469
+24161158623
+24161158713
+24161159235
+24161159285
+24161159819
+24161160127
+24161160139
+24161160730
+24161161301
+24161161408
+24161161508
+24161163169
+24161163401
+24161163449
+24161163465
+24161164798
+24161165829
+24161166133
+24161166875
+24161167202
+24161167388
+24161168170
+24161168484
+24161168815
+24161169096
+24161169326
+24161169592
+24161170406
+24161172464
+24161173084
+24161173172
+24161173760
+24161175346
+24161176844
+24161177119
+24161177880
+24161178000
+24161178133
+24161178422
+24161178717
+24161180060
+24161180751
+24161181928
+24161182100
+24161183296
+24161183948
+24161184182
+24161184243
+24161184395
+24161184411
+24161184734
+24161185207
+24161185410
+24161186242
+24161186297
+24161186904
+24161186995
+24161187058
+24161189262
+24161189431
+24161189722
+24161189918
+24161190052
+24161190754
+24161191086
+24161191132
+24161191240
+24161192171
+24161192236
+24161193118
+24161193764
+24161194233
+24161195262
+24161196493
+24161197429
+24161198487
+24161198600
+24161199996
+24161200819
+24161201034
+24161201218
+24161201498
+24161201529
+24161201720
+24161201774
+24161202024
+24161202236
+24161202601
+24161203307
+24161203649
+24161204067
+24161204259
+24161204655
+24161205547
+24161205920
+24161206603
+24161207319
+24161207530
+24161207582
+24161207797
+24161208768
+24161209180
+24161209334
+24161209957
+24161210629
+24161211400
+24161211916
+24161213039
+24161213098
+24161213416
+24161213445
+24161214348
+24161215281
+24161216854
+24161217539
+24161217565
+24161217736
+24161217922
+24161218138
+24161218168
+24161218772
+24161219617
+24161220481
+24161220825
+24161222498
+24161222499
+24161224335
+24161224619
+24161224621
+24161224905
+24161225097
+24161225100
+24161226011
+24161226141
+24161226270
+24161226731
+24161227222
+24161228352
+24161228628
+24161229272
+24161229525
+24161230871
+24161231461
+24161231556
+24161232059
+24161232478
+24161232615
+24161233508
+24161234432
+24161234550
+24161235355
+24161236532
+24161236562
+24161237200
+24161237322
+24161237609
+24161238096
+24161239209
+24161241486
+24161241772
+24161245098
+24161245236
+24161245363
+24161246327
+24161246791
+24161247620
+24161247993
+24161249016
+24161249265
+24161249274
+24161250654
+24161251023
+24161251570
+24161252866
+24161253124
+24161254170
+24161254878
+24161257942
+24161258695
+24161260472
+24161260516
+24161260996
+24161261056
+24161261114
+24161261282
+24161261348
+24161261381
+24161262224
+24161262769
+24161263444
+24161264365
+24161264488
+24161265455
+24161266324
+24161266327
+24161266641
+24161266782
+24161266818
+24161266907
+24161267899
+24161268893
+24161269869
+24161270184
+24161271070
+24161271319
+24161271659
+24161272532
+24161272871
+24161273246
+24161273312
+24161273560
+24161274625
+24161275016
+24161275318
+24161275618
+24161275645
+24161275667
+24161277266
+24161277974
+24161278834
+24161278908
+24161279286
+24161279481
+24161279749
+24161279921
+24161280407
+24161281785
+24161281838
+24161282248
+24161283688
+24161283895
+24161287291
+24161287970
+24161288236
+24161288414
+24161288452
+24161288823
+24161289547
+24161289629
+24161289717
+24161289862
+24161290160
+24161290470
+24161291116
+24161291298
+24161292171
+24161293737
+24161293928
+24161293944
+24161295326
+24161296953
+24161298217
+24161299401
+24161299586
+24161299621
+24161300637
+24161301877
+24161302165
+24161303695
+24161304184
+24161304233
+24161304771
+24161304965
+24161305149
+24161305341
+24161305356
+24161305448
+24161305716
+24161305801
+24161306581
+24161306765
+24161307162
+24161307796
+24161308490
+24161308635
+24161308850
+24161310457
+24161310549
+24161310784
+24161311081
+24161311639
+24161312045
+24161313352
+24161313672
+24161313806
+24161313884
+24161313931
+24161314076
+24161314988
+24161315455
+24161316000
+24161316438
+24161317606
+24161320467
+24161320662
+24161321320
+24161321553
+24161321581
+24161321711
+24161324949
+24161325413
+24161325642
+24161325677
+24161327904
+24161328092
+24161328564
+24161328866
+24161328902
+24161330870
+24161331465
+24161331516
+24161331823
+24161332296
+24161332628
+24161332642
+24161332848
+24161333638
+24161333653
+24161334835
+24161337776
+24161338499
+24161338599
+24161339023
+24161339863
+24161340969
+24161341053
+24161341315
+24161342125
+24161342191
+24161342667
+24161343090
+24161343142
+24161343789
+24161344230
+24161345412
+24161345434
+24161345823
+24161346286
+24161347537
+24161348488
+24161348532
+24161349816
+24161350198
+24161350885
+24161350935
+24161351618
+24161352112
+24161352459
+24161352573
+24161352621
+24161353392
+24161353957
+24161354002
+24161354761
+24161354884
+24161356019
+24161356653
+24161358849
+24161360474
+24161360503
+24161361238
+24161361307
+24161361531
+24161361634
+24161362351
+24161362672
+24161364304
+24161364352
+24161366149
+24161366903
+24161367432
+24161367455
+24161368129
+24161368532
+24161370065
+24161370079
+24161370510
+24161371334
+24161372101
+24161372675
+24161372739
+24161372855
+24161373088
+24161373340
+24161373524
+24161375567
+24161378229
+24161378587
+24161379031
+24161379070
+24161381231
+24161381447
+24161382201
+24161383110
+24161383345
+24161384031
+24161384833
+24161385368
+24161386010
+24161386030
+24161386187
+24161386973
+24161387439
+24161388012
+24161390153
+24161390270
+24161390486
+24161390562
+24161391019
+24161391345
+24161391931
+24161392816
+24161392821
+24161393319
+24161393580
+24161394354
+24161394376
+24161396838
+24161397147
+24161398814
+24161399158
+24161399665
+24161399839
+24161400018
+24161402453
+24161403624
+24161403632
+24161403772
+24161404794
+24161405063
+24161407163
+24161408718
+24161409096
+24161409122
+24161409512
+24161409772
+24161410244
+24161410882
+24161411072
+24161411833
+24161412039
+24161412404
+24161412905
+24161414107
+24161414210
+24161414560
+24161414933
+24161414937
+24161415585
+24161416191
+24161417144
+24161417355
+24161417758
+24161418066
+24161418540
+24161418894
+24161419804
+24161419827
+24161419856
+24161420534
+24161421302
+24161421411
+24161421504
+24161422083
+24161423301
+24161423596
+24161423811
+24161423821
+24161423841
+24161423909
+24161425139
+24161425736
+24161425827
+24161427157
+24161427377
+24161428710
+24161428739
+24161429071
+24161429525
+24161430042
+24161431583
+24161432459
+24161432561
+24161432959
+24161433382
+24161434110
+24161434138
+24161434207
+24161435362
+24161435411
+24161435778
+24161436334
+24161436997
+24161437431
+24161437450
+24161437576
+24161437986
+24161438419
+24161438513
+24161438986
+24161439315
+24161439730
+24161442092
+24161442193
+24161442429
+24161442647
+24161442854
+24161444245
+24161444466
+24161444884
+24161445740
+24161445785
+24161446461
+24161446523
+24161447851
+24161448513
+24161448553
+24161449188
+24161449538
+24161452259
+24161452505
+24161453368
+24161453388
+24161453408
+24161453875
+24161455193
+24161456109
+24161456536
+24161456960
+24161457336
+24161457580
+24161458024
+24161458459
+24161459725
+24161459770
+24161462485
+24161463229
+24161463443
+24161464198
+24161465559
+24161465911
+24161466131
+24161467949
+24161468650
+24161468916
+24161469134
+24161469302
+24161469702
+24161471335
+24161471546
+24161471608
+24161471710
+24161471726
+24161472128
+24161472771
+24161472921
+24161473230
+24161474576
+24161475885
+24161477419
+24161478269
+24161479965
+24161480117
+24161480121
+24161480147
+24161480892
+24161481364
+24161481855
+24161482117
+24161482786
+24161483253
+24161484021
+24161484712
+24161484784
+24161484843
+24161484989
+24161485347
+24161485413
+24161485632
+24161486468
+24161487441
+24161488276
+24161488657
+24161489170
+24161489940
+24161490585
+24161490852
+24161491107
+24161492051
+24161492775
+24161493102
+24161493124
+24161493625
+24161498127
+24161498707
+24161498996
+24161499074
+24161499277
+24161500177
+24161501559
+24161502102
+24161502170
+24161502173
+24161502511
+24161502685
+24161502775
+24161504176
+24161505322
+24161505635
+24161505922
+24161506134
+24161506944
+24161507309
+24161507331
+24161508837
+24161509919
+24161510944
+24161511095
+24161511658
+24161511893
+24161512154
+24161512417
+24161513936
+24161514106
+24161515882
+24161515889
+24161516446
+24161516692
+24161517766
+24161517939
+24161518841
+24161519654
+24161520099
+24161520263
+24161520360
+24161520995
+24161521210
+24161521287
+24161521377
+24161521760
+24161522670
+24161522762
+24161522821
+24161522917
+24161524083
+24161524108
+24161526704
+24161526904
+24161527220
+24161527703
+24161527815
+24161527859
+24161528005
+24161528023
+24161528550
+24161528815
+24161529078
+24161529157
+24161529514
+24161530281
+24161530538
+24161530791
+24161531413
+24161531663
+24161533172
+24161533296
+24161535102
+24161535818
+24161535922
+24161536040
+24161537381
+24161538592
+24161539016
+24161539871
+24161540192
+24161541039
+24161541605
+24161541611
+24161541779
+24161541876
+24161542506
+24161543303
+24161545993
+24161546001
+24161547968
+24161548026
+24161548348
+24161550036
+24161550409
+24161551509
+24161553760
+24161554959
+24161555623
+24161556035
+24161557767
+24161558022
+24161558437
+24161558737
+24161558738
+24161560243
+24161560674
+24161561098
+24161561434
+24161561679
+24161561903
+24161562455
+24161562819
+24161562991
+24161563857
+24161563862
+24161563873
+24161564390
+24161565811
+24161565892
+24161566014
+24161566273
+24161566374
+24161566600
+24161568377
+24161569659
+24161571083
+24161571206
+24161571424
+24161572389
+24161572670
+24161573333
+24161577687
+24161579828
+24161579954
+24161579955
+24161580138
+24161580162
+24161581775
+24161582307
+24161582883
+24161583029
+24161583189
+24161583336
+24161584269
+24161585235
+24161586795
+24161587225
+24161587529
+24161587593
+24161589412
+24161590977
+24161591147
+24161591349
+24161592091
+24161593858
+24161594242
+24161594610
+24161594957
+24161595124
+24161595242
+24161596047
+24161596531
+24161596584
+24161596673
+24161597418
+24161597720
+24161598114
+24161598148
+24161598210
+24161598434
+24161599683
+24161600077
+24161600413
+24161601023
+24161602174
+24161604402
+24161604867
+24161604973
+24161605604
+24161606379
+24161606508
+24161606783
+24161607227
+24161607306
+24161607938
+24161608793
+24161609074
+24161610522
+24161610525
+24161611607
+24161611678
+24161612082
+24161612479
+24161612609
+24161612789
+24161616335
+24161617253
+24161617480
+24161617494
+24161617626
+24161617694
+24161618203
+24161619354
+24161622051
+24161622098
+24161622405
+24161622523
+24161624969
+24161625449
+24161625521
+24161625791
+24161626633
+24161627172
+24161627229
+24161627241
+24161627318
+24161627512
+24161627718
+24161628052
+24161628330
+24161628624
+24161629113
+24161629397
+24161629442
+24161629932
+24161631404
+24161631711
+24161633421
+24161633517
+24161633921
+24161633954
+24161634040
+24161634682
+24161635811
+24161636914
+24161637019
+24161637708
+24161637709
+24161638566
+24161639048
+24161640351
+24161640904
+24161641229
+24161642167
+24161642388
+24161642624
+24161642728
+24161643717
+24161644255
+24161644427
+24161644618
+24161645621
+24161645631
+24161646291
+24161646375
+24161646864
+24161646998
+24161647325
+24161648354
+24161648432
+24161649321
+24161649874
+24161649982
+24161650409
+24161650580
+24161650973
+24161650989
+24161651502
+24161652811
+24161652834
+24161653215
+24161653809
+24161654933
+24161657703
+24161659056
+24161659455
+24161659719
+24161659735
+24161661200
+24161661309
+24161661703
+24161662541
+24161663112
+24161663671
+24161664411
+24161665339
+24161666105
+24161666674
+24161666884
+24161666887
+24161667094
+24161667676
+24161668088
+24161669738
+24161670249
+24161670275
+24161671412
+24161671655
+24161672349
+24161673687
+24161674201
+24161674295
+24161674734
+24161674990
+24161675729
+24161676463
+24161676904
+24161677386
+24161678346
+24161679007
+24161680136
+24161681276
+24161681507
+24161681574
+24161682250
+24161682403
+24161682847
+24161683609
+24161685410
+24161685652
+24161686493
+24161687807
+24161687865
+24161688207
+24161689040
+24161689561
+24161689618
+24161689838
+24161691141
+24161692144
+24161692260
+24161693152
+24161693360
+24161693431
+24161693713
+24161694228
+24161694637
+24161694880
+24161696149
+24161696425
+24161696868
+24161698649
+24161699780
+24161699817
+24161699989
+24161700594
+24161700797
+24161702568
+24161703851
+24161703858
+24161704605
+24161704818
+24161704852
+24161705328
+24161705385
+24161705595
+24161705830
+24161706698
+24161707000
+24161707839
+24161707978
+24161708087
+24161708616
+24161709039
+24161709192
+24161710160
+24161710432
+24161710640
+24161710876
+24161712127
+24161712455
+24161712836
+24161713521
+24161715293
+24161715303
+24161715439
+24161715796
+24161716903
+24161717307
+24161717457
+24161717730
+24161718248
+24161719972
+24161720260
+24161720575
+24161721173
+24161721314
+24161721500
+24161722372
+24161723895
+24161724699
+24161724828
+24161724859
+24161726265
+24161726297
+24161727086
+24161728291
+24161729831
+24161731042
+24161731456
+24161731508
+24161732114
+24161732906
+24161733136
+24161733297
+24161734004
+24161734115
+24161734430
+24161734863
+24161736174
+24161736225
+24161736237
+24161737109
+24161738130
+24161738501
+24161739378
+24161739459
+24161740015
+24161740090
+24161741851
+24161743112
+24161744489
+24161744534
+24161745856
+24161746097
+24161746435
+24161746563
+24161747545
+24161748371
+24161748819
+24161749161
+24161750384
+24161750491
+24161752532
+24161753179
+24161753655
+24161753815
+24161753995
+24161754527
+24161754638
+24161754764
+24161755779
+24161755887
+24161756075
+24161756548
+24161758538
+24161758594
+24161758769
+24161758868
+24161758940
+24161759115
+24161759724
+24161760821
+24161761077
+24161761546
+24161761805
+24161761834
+24161762290
+24161762735
+24161763584
+24161764425
+24161765196
+24161765683
+24161766320
+24161767177
+24161767861
+24161768380
+24161768631
+24161768900
+24161769661
+24161770902
+24161771078
+24161771289
+24161771521
+24161772086
+24161772120
+24161772597
+24161773098
+24161773478
+24161774765
+24161774924
+24161775448
+24161775661
+24161776827
+24161776945
+24161777163
+24161778797
+24161779523
+24161779645
+24161780106
+24161780366
+24161780783
+24161780844
+24161780882
+24161782364
+24161782893
+24161784576
+24161784810
+24161785899
+24161786968
+24161787090
+24161787460
+24161787747
+24161787776
+24161788208
+24161788996
+24161789083
+24161789170
+24161789541
+24161789624
+24161789672
+24161789677
+24161790033
+24161791273
+24161792213
+24161792272
+24161792308
+24161793256
+24161794373
+24161794639
+24161795675
+24161795697
+24161797085
+24161797745
+24161798122
+24161798391
+24161798784
+24161799375
+24161799545
+24161800336
+24161801632
+24161802709
+24161803108
+24161804696
+24161806449
+24161807093
+24161807927
+24161808431
+24161808500
+24161810416
+24161810599
+24161810832
+24161812008
+24161812179
+24161812262
+24161812671
+24161812719
+24161813113
+24161813445
+24161813481
+24161814311
+24161815342
+24161816467
+24161817454
+24161817478
+24161818129
+24161818880
+24161818917
+24161819293
+24161819972
+24161820763
+24161821044
+24161821653
+24161824025
+24161824097
+24161824220
+24161825261
+24161825262
+24161825352
+24161826177
+24161827127
+24161828539
+24161829273
+24161829688
+24161829911
+24161831648
+24161831756
+24161831821
+24161832012
+24161833730
+24161833881
+24161834091
+24161834622
+24161836406
+24161836569
+24161836851
+24161837439
+24161837535
+24161838198
+24161840615
+24161841223
+24161841952
+24161842005
+24161842575
+24161843666
+24161843845
+24161844152
+24161844368
+24161844944
+24161845972
+24161847077
+24161847886
+24161849158
+24161849530
+24161850679
+24161851180
+24161851667
+24161851832
+24161852953
+24161853138
+24161853171
+24161853566
+24161853919
+24161853958
+24161854334
+24161855119
+24161855537
+24161856301
+24161857066
+24161858462
+24161858609
+24161859829
+24161860075
+24161860449
+24161860734
+24161861486
+24161861626
+24161862924
+24161863039
+24161863553
+24161864137
+24161864218
+24161864493
+24161866695
+24161867177
+24161867389
+24161867488
+24161868141
+24161868197
+24161868269
+24161868674
+24161869556
+24161869620
+24161869777
+24161870935
+24161871506
+24161872649
+24161872732
+24161875523
+24161875882
+24161875897
+24161876522
+24161876697
+24161876827
+24161878206
+24161878632
+24161878908
+24161879189
+24161879838
+24161880135
+24161880851
+24161882005
+24161883238
+24161884550
+24161884747
+24161884785
+24161886709
+24161887113
+24161887726
+24161887842
+24161888034
+24161889599
+24161889698
+24161890730
+24161891108
+24161891135
+24161891719
+24161895112
+24161895337
+24161896589
+24161896962
+24161898441
+24161899068
+24161899168
+24161900126
+24161901058
+24161901170
+24161901573
+24161901728
+24161902594
+24161903867
+24161905074
+24161905176
+24161905879
+24161905992
+24161906936
+24161908139
+24161908373
+24161908692
+24161909012
+24161910527
+24161910720
+24161911007
+24161911106
+24161911270
+24161911587
+24161911884
+24161912090
+24161912230
+24161912241
+24161914000
+24161914094
+24161914687
+24161914809
+24161915518
+24161916003
+24161916228
+24161917111
+24161917397
+24161917409
+24161917504
+24161918964
+24161919043
+24161919722
+24161920152
+24161922683
+24161922738
+24161926346
+24161926356
+24161926404
+24161928572
+24161928589
+24161930162
+24161930709
+24161931080
+24161932816
+24161932976
+24161933003
+24161933114
+24161934754
+24161935682
+24161936895
+24161936912
+24161936979
+24161937095
+24161937935
+24161938022
+24161939190
+24161940242
+24161940506
+24161940625
+24161941155
+24161941340
+24161941426
+24161941492
+24161942306
+24161942786
+24161942787
+24161943372
+24161943692
+24161945719
+24161945889
+24161945977
+24161947393
+24161947561
+24161947824
+24161948643
+24161949183
+24161949411
+24161949688
+24161950191
+24161950496
+24161950739
+24161952513
+24161954793
+24161955731
+24161956192
+24161956602
+24161958228
+24161959321
+24161960970
+24161961584
+24161962490
+24161963140
+24161963218
+24161964764
+24161965908
+24161966209
+24161967185
+24161967653
+24161968311
+24161970103
+24161970397
+24161970426
+24161973006
+24161973222
+24161973296
+24161973303
+24161974331
+24161974430
+24161975091
+24161975125
+24161975126
+24161975215
+24161975473
+24161975503
+24161976062
+24161976805
+24161977016
+24161977329
+24161978135
+24161978681
+24161978808
+24161979419
+24161979579
+24161979692
+24161979736
+24161980549
+24161981521
+24161981748
+24161982434
+24161983315
+24161984418
+24161984701
+24161984835
+24161985424
+24161985460
+24161987195
+24161988274
+24161988325
+24161990648
+24161991048
+24161991378
+24161992037
+24161992686
+24161993901
+24161994191
+24161994254
+24161994823
+24161995153
+24161995525
+24161997091
+24161998561
+24161998992
+24161999007
+24161999893
+24162000435
+24162000752
+24162001568
+24162002215
+24162003232
+24162003381
+24162003862
+24162004674
+24162005824
+24162005949
+24162005953
+24162006264
+24162007543
+24162007661
+24162008008
+24162008900
+24162008994
+24162009112
+24162009166
+24162010129
+24162011073
+24162012062
+24162012536
+24162013698
+24162014214
+24162014941
+24162015199
+24162015668
+24162016773
+24162017321
+24162018248
+24162018298
+24162019102
+24162019271
+24162019275
+24162020814
+24162022000
+24162022057
+24162023071
+24162024714
+24162024814
+24162024950
+24162025848
+24162026365
+24162026404
+24162026575
+24162026755
+24162027068
+24162027208
+24162027840
+24162028068
+24162028087
+24162028495
+24162028964
+24162029260
+24162030278
+24162030618
+24162031225
+24162032803
+24162032994
+24162033210
+24162034481
+24162034580
+24162034880
+24162034927
+24162035165
+24162035760
+24162035983
+24162037813
+24162038060
+24162038668
+24162038897
+24162040022
+24162040194
+24162040333
+24162040483
+24162041464
+24162041494
+24162041630
+24162041792
+24162042533
+24162042704
+24162043013
+24162043386
+24162043447
+24162043556
+24162043750
+24162044349
+24162046362
+24162046469
+24162046767
+24162047151
+24162048585
+24162048946
+24162050164
+24162051366
+24162051379
+24162051632
+24162051716
+24162051942
+24162052386
+24162052870
+24162054025
+24162054720
+24162055173
+24162055175
+24162055350
+24162055878
+24162057134
+24162058056
+24162058344
+24162058634
+24162059926
+24162060491
+24162060567
+24162061804
+24162062227
+24162064635
+24162065732
+24162066544
+24162067882
+24162068920
+24162069265
+24162069324
+24162070884
+24162071082
+24162071402
+24162071514
+24162071891
+24162074167
+24162074881
+24162074997
+24162078044
+24162078681
+24162078901
+24162079682
+24162079945
+24162080120
+24162080472
+24162080874
+24162081187
+24162081938
+24162082781
+24162082807
+24162084455
+24162084471
+24162084757
+24162085269
+24162086895
+24162087293
+24162088428
+24162089845
+24162090061
+24162092974
+24162094286
+24162094415
+24162095213
+24162095694
+24162095878
+24162096296
+24162096432
+24162096874
+24162097043
+24162097449
+24162097531
+24162098527
+24162098579
+24162099566
+24162101391
+24162101517
+24162101570
+24162103081
+24162103759
+24162105934
+24162107489
+24162107838
+24162108524
+24162109402
+24162109522
+24162109636
+24162110314
+24162111583
+24162111665
+24162112218
+24162112998
+24162113458
+24162115074
+24162115294
+24162115300
+24162115770
+24162116202
+24162116357
+24162116546
+24162117104
+24162117272
+24162117581
+24162117988
+24162118251
+24162118333
+24162120785
+24162120818
+24162121317
+24162121374
+24162122655
+24162122686
+24162123238
+24162125070
+24162125570
+24162126263
+24162128177
+24162128228
+24162129464
+24162129708
+24162130297
+24162130675
+24162131055
+24162132091
+24162133141
+24162133333
+24162133971
+24162134480
+24162135127
+24162135660
+24162136460
+24162136676
+24162137043
+24162137300
+24162137797
+24162138124
+24162138353
+24162138904
+24162139312
+24162140084
+24162140119
+24162140481
+24162140825
+24162140872
+24162141164
+24162141199
+24162141204
+24162141396
+24162141906
+24162143737
+24162144474
+24162145422
+24162146247
+24162146799
+24162147239
+24162148181
+24162151196
+24162151952
+24162152480
+24162153287
+24162154295
+24162156028
+24162156324
+24162156851
+24162156853
+24162157525
+24162157619
+24162158013
+24162158225
+24162159526
+24162160325
+24162160923
+24162160945
+24162161001
+24162161132
+24162162681
+24162163072
+24162164034
+24162164427
+24162164494
+24162166517
+24162166656
+24162166860
+24162166996
+24162167363
+24162167462
+24162169273
+24162169291
+24162169373
+24162169481
+24162169748
+24162171375
+24162171452
+24162171698
+24162171747
+24162172846
+24162173110
+24162174165
+24162175608
+24162176304
+24162179224
+24162180163
+24162181136
+24162181222
+24162181540
+24162181850
+24162182076
+24162182359
+24162182722
+24162183479
+24162183610
+24162186356
+24162186551
+24162186673
+24162186674
+24162187634
+24162187899
+24162188538
+24162189315
+24162189672
+24162189713
+24162189790
+24162190048
+24162190523
+24162191131
+24162192651
+24162192653
+24162194230
+24162195156
+24162195380
+24162195826
+24162196360
+24162196384
+24162196871
+24162197605
+24162197972
+24162198158
+24162198718
+24162198907
+24162199011
+24162199246
+24162199697
+24162199715
+24162199843
+24162200073
+24162200219
+24162201250
+24162201446
+24162202347
+24162202502
+24162203517
+24162203553
+24162203804
+24162204282
+24162204566
+24162204988
+24162206050
+24162206709
+24162208167
+24162208940
+24162210128
+24162210837
+24162210932
+24162211228
+24162213133
+24162214042
+24162215789
+24162216510
+24162216628
+24162218700
+24162218853
+24162218857
+24162219381
+24162219528
+24162219669
+24162219918
+24162221559
+24162222830
+24162223262
+24162223327
+24162224517
+24162224594
+24162224766
+24162224821
+24162224827
+24162225134
+24162225476
+24162225872
+24162226764
+24162227597
+24162227634
+24162228112
+24162228237
+24162228309
+24162230719
+24162231209
+24162235163
+24162235550
+24162235855
+24162236594
+24162237268
+24162241775
+24162241992
+24162242533
+24162243199
+24162244553
+24162244603
+24162244723
+24162245141
+24162245552
+24162245654
+24162246548
+24162246590
+24162246868
+24162248717
+24162249548
+24162249599
+24162249687
+24162249886
+24162249976
+24162250895
+24162251293
+24162251592
+24162251830
+24162251906
+24162252191
+24162253402
+24162253420
+24162255093
+24162255250
+24162256095
+24162256729
+24162257182
+24162257624
+24162257806
+24162258937
+24162259439
+24162259568
+24162259884
+24162260693
+24162262278
+24162262498
+24162264361
+24162265042
+24162265139
+24162266140
+24162266738
+24162267010
+24162267659
+24162267835
+24162267857
+24162267907
+24162268410
+24162269015
+24162269087
+24162269961
+24162270046
+24162270252
+24162270770
+24162271151
+24162271268
+24162272484
+24162274273
+24162274398
+24162276162
+24162276307
+24162279628
+24162280861
+24162280986
+24162280987
+24162283114
+24162283379
+24162284307
+24162284315
+24162284490
+24162285525
+24162286157
+24162286515
+24162286644
+24162286895
+24162288059
+24162288179
+24162288693
+24162289023
+24162289056
+24162289329
+24162289550
+24162293014
+24162294094
+24162294480
+24162295003
+24162296567
+24162297942
+24162297945
+24162298126
+24162299283
+24162299407
+24162299488
+24162299849
+24162299998
+24162300262
+24162301438
+24162301445
+24162301626
+24162302468
+24162302756
+24162302880
+24162303049
+24162303494
+24162303922
+24162304656
+24162305352
+24162305721
+24162306578
+24162306802
+24162306945
+24162308612
+24162308723
+24162309590
+24162311053
+24162312260
+24162312510
+24162313442
+24162313728
+24162314261
+24162314714
+24162314905
+24162315284
+24162315581
+24162315814
+24162315829
+24162316454
+24162316677
+24162317185
+24162317199
+24162318294
+24162319189
+24162319469
+24162320500
+24162320742
+24162321280
+24162321312
+24162321552
+24162321858
+24162322417
+24162322489
+24162322518
+24162322871
+24162322968
+24162325424
+24162325604
+24162326009
+24162326084
+24162326529
+24162326574
+24162327217
+24162327968
+24162328445
+24162328772
+24162329462
+24162330293
+24162330558
+24162330753
+24162331461
+24162331552
+24162332111
+24162333318
+24162333825
+24162333910
+24162334397
+24162335101
+24162335702
+24162336623
+24162337045
+24162338185
+24162338431
+24162338885
+24162338967
+24162339898
+24162340624
+24162340727
+24162342241
+24162342367
+24162343215
+24162343698
+24162343881
+24162345541
+24162345708
+24162345819
+24162346972
+24162347663
+24162348487
+24162349728
+24162350195
+24162350283
+24162350382
+24162351556
+24162351909
+24162352801
+24162352832
+24162353083
+24162353391
+24162354793
+24162355958
+24162356051
+24162357025
+24162357702
+24162358313
+24162358698
+24162361677
+24162362932
+24162362982
+24162363174
+24162363381
+24162363638
+24162364411
+24162365230
+24162365378
+24162366060
+24162366497
+24162367481
+24162367998
+24162368067
+24162368300
+24162368360
+24162368491
+24162370584
+24162371355
+24162372158
+24162373266
+24162373768
+24162374361
+24162374703
+24162375209
+24162375362
+24162375572
+24162375724
+24162375743
+24162375817
+24162375832
+24162376138
+24162376358
+24162378321
+24162379764
+24162380170
+24162380802
+24162380847
+24162381184
+24162381350
+24162381770
+24162382404
+24162382488
+24162382925
+24162383162
+24162383198
+24162383758
+24162384780
+24162384852
+24162385346
+24162385936
+24162387516
+24162388897
+24162389549
+24162390440
+24162390617
+24162391931
+24162392316
+24162392956
+24162393384
+24162394365
+24162394396
+24162394746
+24162395115
+24162397909
+24162398167
+24162398219
+24162398300
+24162398316
+24162398380
+24162398988
+24162399790
+24162400485
+24162401380
+24162401829
+24162402337
+24162402913
+24162404045
+24162404726
+24162404878
+24162405058
+24162405311
+24162406628
+24162407227
+24162407669
+24162408406
+24162408617
+24162408810
+24162408860
+24162408863
+24162409329
+24162409690
+24162410036
+24162410380
+24162411349
+24162412573
+24162413075
+24162413820
+24162415250
+24162415470
+24162415932
+24162416743
+24162416805
+24162417806
+24162418431
+24162418881
+24162420189
+24162420691
+24162420720
+24162420724
+24162422048
+24162422187
+24162422264
+24162422723
+24162423808
+24162425035
+24162425062
+24162425300
+24162425511
+24162426769
+24162427600
+24162427861
+24162427883
+24162428223
+24162428927
+24162429339
+24162429743
+24162429746
+24162430211
+24162430604
+24162432739
+24162433160
+24162434243
+24162436303
+24162437090
+24162437172
+24162437266
+24162437424
+24162437700
+24162437821
+24162438336
+24162439405
+24162439646
+24162439882
+24162440623
+24162440906
+24162441162
+24162443194
+24162443644
+24162443676
+24162444572
+24162444667
+24162444820
+24162446477
+24162447335
+24162447345
+24162447686
+24162448036
+24162448450
+24162448812
+24162449724
+24162450529
+24162450851
+24162450860
+24162451038
+24162451242
+24162451757
+24162452021
+24162452109
+24162454472
+24162454689
+24162456726
+24162456849
+24162457447
+24162457771
+24162459549
+24162460066
+24162460461
+24162461044
+24162461355
+24162461792
+24162463915
+24162463970
+24162466200
+24162467428
+24162469174
+24162470757
+24162470776
+24162471403
+24162472329
+24162473631
+24162474358
+24162474649
+24162475946
+24162476831
+24162477380
+24162478929
+24162479685
+24162479952
+24162482097
+24162482653
+24162482668
+24162483108
+24162483656
+24162483883
+24162483947
+24162484019
+24162484128
+24162485319
+24162486262
+24162486664
+24162486684
+24162486828
+24162487025
+24162487064
+24162487093
+24162488285
+24162488497
+24162489052
+24162489381
+24162489559
+24162489628
+24162490957
+24162491262
+24162491394
+24162491411
+24162491781
+24162492212
+24162492445
+24162493762
+24162493916
+24162494399
+24162494592
+24162496837
+24162496886
+24162498960
+24162499026
+24162499122
+24162499842
+24162499993
+24162500555
+24162500928
+24162501003
+24162501222
+24162501369
+24162501651
+24162501791
+24162502952
+24162503054
+24162503770
+24162504342
+24162505956
+24162506586
+24162506730
+24162508223
+24162508857
+24162509631
+24162509702
+24162510560
+24162511555
+24162512123
+24162514543
+24162516955
+24162517830
+24162517961
+24162517975
+24162518129
+24162519982
+24162520027
+24162520287
+24162520391
+24162520696
+24162520821
+24162521059
+24162521151
+24162521483
+24162521490
+24162521866
+24162523672
+24162524460
+24162524690
+24162525184
+24162525837
+24162526390
+24162527077
+24162527165
+24162527168
+24162527414
+24162529312
+24162529317
+24162530214
+24162530303
+24162530378
+24162532205
+24162532535
+24162533697
+24162534185
+24162534968
+24162535078
+24162536213
+24162536415
+24162536953
+24162537248
+24162537748
+24162537992
+24162538391
+24162539577
+24162540787
+24162541587
+24162542115
+24162542192
+24162542266
+24162543698
+24162544423
+24162544530
+24162544861
+24162544971
+24162547516
+24162548471
+24162548918
+24162549243
+24162549368
+24162549827
+24162550407
+24162550563
+24162550578
+24162551192
+24162551794
+24162551896
+24162552035
+24162552209
+24162552703
+24162552837
+24162552991
+24162553294
+24162553815
+24162555527
+24162555839
+24162556183
+24162556674
+24162556829
+24162557608
+24162557806
+24162558085
+24162559270
+24162559409
+24162560678
+24162560686
+24162561332
+24162561502
+24162561792
+24162562124
+24162563335
+24162563340
+24162565472
+24162565522
+24162565939
+24162567072
+24162567193
+24162567273
+24162567890
+24162567977
+24162568397
+24162568750
+24162569298
+24162569850
+24162570391
+24162571208
+24162571389
+24162572175
+24162572522
+24162572559
+24162572726
+24162572788
+24162573627
+24162573810
+24162574457
+24162575476
+24162575936
+24162576193
+24162576786
+24162577231
+24162579026
+24162579434
+24162579585
+24162579863
+24162580335
+24162580475
+24162580620
+24162580763
+24162580852
+24162580971
+24162581139
+24162581241
+24162581694
+24162582011
+24162583160
+24162583876
+24162584263
+24162584323
+24162584539
+24162585451
+24162586338
+24162586462
+24162586465
+24162586532
+24162586784
+24162586930
+24162588391
+24162588623
+24162589454
+24162589525
+24162589837
+24162590192
+24162590374
+24162590952
+24162591501
+24162591881
+24162592424
+24162593931
+24162594948
+24162595826
+24162596422
+24162597152
+24162597384
+24162599029
+24162599093
+24162600207
+24162600676
+24162601101
+24162601605
+24162601640
+24162603349
+24162603899
+24162604875
+24162605480
+24162606060
+24162606819
+24162608774
+24162608927
+24162609184
+24162609479
+24162609485
+24162610332
+24162610411
+24162612554
+24162612943
+24162615388
+24162616238
+24162617038
+24162617875
+24162618262
+24162618284
+24162618388
+24162619146
+24162619548
+24162619708
+24162620442
+24162626520
+24162627122
+24162627182
+24162628434
+24162628692
+24162629745
+24162630025
+24162631958
+24162632225
+24162633258
+24162633356
+24162633905
+24162634156
+24162635527
+24162635739
+24162637405
+24162637632
+24162638874
+24162639208
+24162640529
+24162641074
+24162641288
+24162641662
+24162642281
+24162642769
+24162642917
+24162642931
+24162643792
+24162644094
+24162644853
+24162645413
+24162645970
+24162648310
+24162648864
+24162648948
+24162649599
+24162650613
+24162651053
+24162651533
+24162651655
+24162651751
+24162652457
+24162652484
+24162653670
+24162653765
+24162653768
+24162653968
+24162654171
+24162654302
+24162654382
+24162656339
+24162656677
+24162657195
+24162657587
+24162658582
+24162659603
+24162659994
+24162661338
+24162662576
+24162665590
+24162666319
+24162667526
+24162667538
+24162667695
+24162667702
+24162668648
+24162668817
+24162671707
+24162672493
+24162674193
+24162675074
+24162675561
+24162676390
+24162678074
+24162678385
+24162678703
+24162678780
+24162679318
+24162680162
+24162681118
+24162682308
+24162682357
+24162683387
+24162683569
+24162685129
+24162685260
+24162685598
+24162686457
+24162686811
+24162686901
+24162687353
+24162687549
+24162687587
+24162687772
+24162688256
+24162688523
+24162688745
+24162688994
+24162689687
+24162690290
+24162690601
+24162690872
+24162691008
+24162691167
+24162691342
+24162692585
+24162692599
+24162693265
+24162693549
+24162695791
+24162697312
+24162698520
+24162699475
+24162699537
+24162699767
+24162700257
+24162701317
+24162702343
+24162702593
+24162704267
+24162704339
+24162704519
+24162706897
+24162707244
+24162708203
+24162708403
+24162708419
+24162708549
+24162708592
+24162709302
+24162709870
+24162710967
+24162711553
+24162711871
+24162712808
+24162713798
+24162715298
+24162717042
+24162718519
+24162720725
+24162721452
+24162721509
+24162721709
+24162722217
+24162722227
+24162722639
+24162723075
+24162724293
+24162724314
+24162725100
+24162725727
+24162725773
+24162728569
+24162729183
+24162729412
+24162731751
+24162731815
+24162732915
+24162733697
+24162734010
+24162734076
+24162735397
+24162735708
+24162735741
+24162736112
+24162736178
+24162736612
+24162736647
+24162737770
+24162737796
+24162737863
+24162738554
+24162739353
+24162740890
+24162741172
+24162741218
+24162741404
+24162742344
+24162742952
+24162743143
+24162743428
+24162743577
+24162743592
+24162745566
+24162746233
+24162746707
+24162748139
+24162748554
+24162748922
+24162749040
+24162749549
+24162751440
+24162751494
+24162751606
+24162752711
+24162752727
+24162753487
+24162753755
+24162754167
+24162754243
+24162754276
+24162754857
+24162756642
+24162757315
+24162757576
+24162757582
+24162758898
+24162759583
+24162759743
+24162759963
+24162761081
+24162761235
+24162761460
+24162761812
+24162761980
+24162762329
+24162763384
+24162763669
+24162763933
+24162763957
+24162764132
+24162765290
+24162765561
+24162766769
+24162767028
+24162768585
+24162768664
+24162768892
+24162769076
+24162769641
+24162771347
+24162771797
+24162771858
+24162771909
+24162772737
+24162772873
+24162773107
+24162773485
+24162773610
+24162773706
+24162774064
+24162774345
+24162775980
+24162776195
+24162778154
+24162778942
+24162779128
+24162781073
+24162781445
+24162781997
+24162782758
+24162783630
+24162784014
+24162784493
+24162786304
+24162786461
+24162787291
+24162787826
+24162788128
+24162788841
+24162789257
+24162789274
+24162789762
+24162790178
+24162791299
+24162791502
+24162791739
+24162792397
+24162792541
+24162794110
+24162795004
+24162795615
+24162795880
+24162796227
+24162797041
+24162797115
+24162800589
+24162800620
+24162801888
+24162802231
+24162802841
+24162802979
+24162803281
+24162803370
+24162804801
+24162804884
+24162805500
+24162805819
+24162806116
+24162807123
+24162807362
+24162809177
+24162810797
+24162811135
+24162811981
+24162812350
+24162812789
+24162813803
+24162814225
+24162815127
+24162816023
+24162816135
+24162818206
+24162818440
+24162818780
+24162818886
+24162819887
+24162820416
+24162821333
+24162822783
+24162824163
+24162824962
+24162825327
+24162825331
+24162825594
+24162825685
+24162826402
+24162826613
+24162827606
+24162828931
+24162829268
+24162829286
+24162829478
+24162829587
+24162829824
+24162830326
+24162830619
+24162830654
+24162832156
+24162832712
+24162833070
+24162833749
+24162833778
+24162833838
+24162834513
+24162836816
+24162837182
+24162837483
+24162838734
+24162838855
+24162841451
+24162842016
+24162842708
+24162844132
+24162844981
+24162845300
+24162846760
+24162846809
+24162846831
+24162847351
+24162849083
+24162849141
+24162849227
+24162849274
+24162849387
+24162851250
+24162851518
+24162851720
+24162851839
+24162851957
+24162852095
+24162852310
+24162852460
+24162852902
+24162854411
+24162854500
+24162855163
+24162856018
+24162856106
+24162856122
+24162856450
+24162857771
+24162857948
+24162858528
+24162860825
+24162861894
+24162862244
+24162862820
+24162862824
+24162864157
+24162864176
+24162864393
+24162865399
+24162865579
+24162865683
+24162866841
+24162867658
+24162868275
+24162868555
+24162870241
+24162871074
+24162871326
+24162871370
+24162871633
+24162872822
+24162873223
+24162873501
+24162873573
+24162874484
+24162874685
+24162875741
+24162877264
+24162878040
+24162878157
+24162878263
+24162878594
+24162879883
+24162880720
+24162881024
+24162881352
+24162881427
+24162881796
+24162882755
+24162882807
+24162882904
+24162883121
+24162884286
+24162884976
+24162885342
+24162885363
+24162886053
+24162887397
+24162888190
+24162888490
+24162889271
+24162889379
+24162889907
+24162890342
+24162891496
+24162891664
+24162892005
+24162892535
+24162892591
+24162892815
+24162892926
+24162893086
+24162895557
+24162895993
+24162896115
+24162897113
+24162897874
+24162898729
+24162898996
+24162900258
+24162900982
+24162901144
+24162901205
+24162901907
+24162902076
+24162902144
+24162902391
+24162902434
+24162902441
+24162902512
+24162903277
+24162903535
+24162903698
+24162903999
+24162906158
+24162906288
+24162906823
+24162906830
+24162907754
+24162908375
+24162909073
+24162910006
+24162910099
+24162910864
+24162912819
+24162912883
+24162913052
+24162913392
+24162913762
+24162914060
+24162915551
+24162917849
+24162919385
+24162919611
+24162919736
+24162919816
+24162921230
+24162921314
+24162921623
+24162921671
+24162921703
+24162922505
+24162923414
+24162924396
+24162924570
+24162924943
+24162925485
+24162926395
+24162926464
+24162928708
+24162929096
+24162929253
+24162929317
+24162929393
+24162929705
+24162929929
+24162931099
+24162931613
+24162932085
+24162932465
+24162933538
+24162933609
+24162933768
+24162933788
+24162933796
+24162934075
+24162934650
+24162936243
+24162937952
+24162938452
+24162939052
+24162939557
+24162941256
+24162941311
+24162941898
+24162942317
+24162942546
+24162942607
+24162945090
+24162945762
+24162946123
+24162946587
+24162946962
+24162947127
+24162947486
+24162947604
+24162948695
+24162950094
+24162951141
+24162951161
+24162952236
+24162952553
+24162952986
+24162953367
+24162953510
+24162953516
+24162956081
+24162956398
+24162956789
+24162957004
+24162957255
+24162957789
+24162958511
+24162958662
+24162958677
+24162958683
+24162959290
+24162959526
+24162959562
+24162959682
+24162960615
+24162961305
+24162963318
+24162964371
+24162964702
+24162964726
+24162964980
+24162965394
+24162965709
+24162965891
+24162966835
+24162967138
+24162967982
+24162968380
+24162968754
+24162968760
+24162968971
+24162969596
+24162971484
+24162972358
+24162972441
+24162975852
+24162976916
+24162976982
+24162978349
+24162978973
+24162979165
+24162979288
+24162979657
+24162980055
+24162980755
+24162981827
+24162982353
+24162983571
+24162983855
+24162984641
+24162984759
+24162984801
+24162984966
+24162986443
+24162986970
+24162987211
+24162988315
+24162989276
+24162989349
+24162989583
+24162990373
+24162990412
+24162991017
+24162992356
+24162993186
+24162994789
+24162996779
+24162997444
+24162997452
+24162997838
+24162997964
+24162998895
+24165001517
+24165001536
+24165001768
+24165002671
+24165005319
+24165005653
+24165005812
+24165005953
+24165006285
+24165006506
+24165006889
+24165007196
+24165007277
+24165007470
+24165007547
+24165008060
+24165008097
+24165008184
+24165008317
+24165008874
+24165009170
+24165009735
+24165010084
+24165010091
+24165010302
+24165010681
+24165010987
+24165011096
+24165011176
+24165011235
+24165011574
+24165011620
+24165011630
+24165011713
+24165012098
+24165012160
+24165012743
+24165012796
+24165013051
+24165013423
+24165013650
+24165014226
+24165015173
+24165017548
+24165017646
+24165018511
+24165019018
+24165019031
+24165019240
+24165019691
+24165019982
+24165021191
+24165021478
+24165022814
+24165023156
+24165023240
+24165023306
+24165023567
+24165023882
+24165024445
+24165024926
+24165025036
+24165025272
+24165025767
+24165026106
+24165026158
+24165026326
+24165026455
+24165027024
+24165028551
+24165029360
+24165029437
+24165029511
+24165029644
+24165030015
+24165030544
+24165031128
+24165031231
+24165033445
+24165033521
+24165034008
+24165034025
+24165034108
+24165034658
+24165035507
+24165035727
+24165035814
+24165036183
+24165036950
+24165037333
+24165037600
+24165037617
+24165037743
+24165038048
+24165038838
+24165039138
+24165039227
+24165039411
+24165039878
+24165040909
+24165041093
+24165041392
+24165042068
+24165042370
+24165044169
+24165044369
+24165045486
+24165045568
+24165045683
+24165045967
+24165046805
+24165046980
+24165047044
+24165047827
+24165048732
+24165048764
+24165049481
+24165049651
+24165049859
+24165051508
+24165051991
+24165052476
+24165053111
+24165053623
+24165054159
+24165054909
+24165055245
+24165055349
+24165055488
+24165056337
+24165056580
+24165057194
+24165057814
+24165059724
+24165059855
+24165059973
+24165061053
+24165062672
+24165062696
+24165063888
+24165064165
+24165064334
+24165064819
+24165064907
+24165065242
+24165065688
+24165066183
+24165066691
+24165067509
+24165068002
+24165069348
+24165069550
+24165069720
+24165070680
+24165070949
+24165071488
+24165071747
+24165072235
+24165072579
+24165072684
+24165073593
+24165073608
+24165074173
+24165074561
+24165074908
+24165075242
+24165076137
+24165076331
+24165076431
+24165076533
+24165076599
+24165077157
+24165077327
+24165077398
+24165077859
+24165077865
+24165078203
+24165078536
+24165079129
+24165079233
+24165079259
+24165079417
+24165079491
+24165080698
+24165080739
+24165080897
+24165081256
+24165082762
+24165082934
+24165083057
+24165083084
+24165083085
+24165083900
+24165084349
+24165086545
+24165086968
+24165087080
+24165088133
+24165088375
+24165088595
+24165088906
+24165089029
+24165089972
+24165091223
+24165091676
+24165093115
+24165093600
+24165093615
+24165094101
+24165094344
+24165094815
+24165095831
+24165096196
+24165096593
+24165096732
+24165097686
+24165097921
+24165098373
+24165098509
+24165098638
+24165098693
+24165100524
+24165100727
+24165100905
+24165100995
+24165101166
+24165101706
+24165101964
+24165102089
+24165102304
+24165102550
+24165102736
+24165102832
+24165102835
+24165103173
+24165103366
+24165103869
+24165104072
+24165104760
+24165105134
+24165105274
+24165105338
+24165105786
+24165106315
+24165106382
+24165106409
+24165106485
+24165106633
+24165106939
+24165106951
+24165107174
+24165107712
+24165108187
+24165108499
+24165108788
+24165109130
+24165109926
+24165110096
+24165110958
+24165111773
+24165112215
+24165112361
+24165112455
+24165113125
+24165113528
+24165113685
+24165114199
+24165115301
+24165115373
+24165115581
+24165115837
+24165116947
+24165116949
+24165117067
+24165117635
+24165118052
+24165118130
+24165118491
+24165118736
+24165119270
+24165119631
+24165120078
+24165120405
+24165120576
+24165120591
+24165121409
+24165121461
+24165121965
+24165122705
+24165123360
+24165123840
+24165123915
+24165123992
+24165124155
+24165124961
+24165126137
+24165126989
+24165127238
+24165127560
+24165127707
+24165128677
+24165129027
+24165129165
+24165129993
+24165130153
+24165130528
+24165130606
+24165131894
+24165131957
+24165132749
+24165132953
+24165133097
+24165133376
+24165133728
+24165133781
+24165134070
+24165134414
+24165134617
+24165135250
+24165135466
+24165136304
+24165136912
+24165136922
+24165137026
+24165137485
+24165137810
+24165138312
+24165138984
+24165140181
+24165140452
+24165141622
+24165141946
+24165142116
+24165142118
+24165142339
+24165142420
+24165142721
+24165143575
+24165143592
+24165144234
+24165144308
+24165144440
+24165144610
+24165145877
+24165145905
+24165146050
+24165147518
+24165148134
+24165148144
+24165148311
+24165148354
+24165148393
+24165149053
+24165149204
+24165149317
+24165149784
+24165150180
+24165150468
+24165151302
+24165151406
+24165151591
+24165152304
+24165152470
+24165152674
+24165152941
+24165152945
+24165152982
+24165153062
+24165153274
+24165154139
+24165154148
+24165154653
+24165154688
+24165155032
+24165155091
+24165156520
+24165157053
+24165157679
+24165157762
+24165157956
+24165158174
+24165158244
+24165158582
+24165158693
+24165158843
+24165158900
+24165158951
+24165159401
+24165159612
+24165159734
+24165159951
+24165160919
+24165161332
+24165161342
+24165162100
+24165162124
+24165162200
+24165162567
+24165163692
+24165163716
+24165165684
+24165166904
+24165167677
+24165168489
+24165168751
+24165169203
+24165169639
+24165169720
+24165171172
+24165171561
+24165171871
+24165172095
+24165172401
+24165173112
+24165173592
+24165174266
+24165174661
+24165175740
+24165176009
+24165176311
+24165177115
+24165177541
+24165177567
+24165177942
+24165178385
+24165178494
+24165179163
+24165179757
+24165180135
+24165180949
+24165180963
+24165181007
+24165181258
+24165181711
+24165181934
+24165182195
+24165183680
+24165183803
+24165183805
+24165183956
+24165184573
+24165186368
+24165186520
+24165186764
+24165186872
+24165187693
+24165187964
+24165188166
+24165188338
+24165189024
+24165189083
+24165189117
+24165190227
+24165190684
+24165191233
+24165191495
+24165191989
+24165192135
+24165192876
+24165193451
+24165194205
+24165194678
+24165194943
+24165196206
+24165196321
+24165196547
+24165196800
+24165197793
+24165198013
+24165198802
+24165198991
+24165200176
+24165200917
+24165201140
+24165201218
+24165201736
+24165202200
+24165202722
+24165202782
+24165203044
+24165203331
+24165203725
+24165204002
+24165204013
+24165204795
+24165205003
+24165205400
+24165205412
+24165205501
+24165206523
+24165206713
+24165208100
+24165208610
+24165208662
+24165209587
+24165210349
+24165211209
+24165211248
+24165211326
+24165211384
+24165212413
+24165212441
+24165212508
+24165212610
+24165212828
+24165213283
+24165213367
+24165214429
+24165214483
+24165215017
+24165215018
+24165215631
+24165216029
+24165216437
+24165216751
+24165217288
+24165217671
+24165218187
+24165218207
+24165218423
+24165219163
+24165219244
+24165219962
+24165220513
+24165220608
+24165220704
+24165220877
+24165221455
+24165221785
+24165223559
+24165223804
+24165223895
+24165224349
+24165224442
+24165224452
+24165224950
+24165225333
+24165226531
+24165226702
+24165227217
+24165227222
+24165227390
+24165227879
+24165229490
+24165230107
+24165230312
+24165230449
+24165230795
+24165230844
+24165230963
+24165232115
+24165232555
+24165233017
+24165233043
+24165233299
+24165233698
+24165233757
+24165234062
+24165234836
+24165234976
+24165235201
+24165235209
+24165235476
+24165235982
+24165237042
+24165237295
+24165237588
+24165238116
+24165238179
+24165239118
+24165239396
+24165239407
+24165239594
+24165239755
+24165239962
+24165240200
+24165240481
+24165240531
+24165241732
+24165242001
+24165242977
+24165243345
+24165244040
+24165244207
+24165244393
+24165244796
+24165244814
+24165245232
+24165245740
+24165246089
+24165246176
+24165246179
+24165246647
+24165246765
+24165246982
+24165247049
+24165247459
+24165247659
+24165248299
+24165249306
+24165251593
+24165252224
+24165253309
+24165254553
+24165254643
+24165254787
+24165254946
+24165255218
+24165255958
+24165256090
+24165256989
+24165257048
+24165257297
+24165257382
+24165257388
+24165258643
+24165259309
+24165259483
+24165259606
+24165261414
+24165261717
+24165262050
+24165262797
+24165263128
+24165263156
+24165264705
+24165264710
+24165265097
+24165265798
+24165266312
+24165266537
+24165268184
+24165268681
+24165269125
+24165269627
+24165270664
+24165270774
+24165271093
+24165271193
+24165271932
+24165272003
+24165272045
+24165272735
+24165272779
+24165272809
+24165272910
+24165273560
+24165273952
+24165274333
+24165274518
+24165275218
+24165275367
+24165276182
+24165276656
+24165276681
+24165276740
+24165277024
+24165277081
+24165277102
+24165277656
+24165278873
+24165280003
+24165280333
+24165280476
+24165280812
+24165282243
+24165282535
+24165283493
+24165283859
+24165283986
+24165284643
+24165285562
+24165287291
+24165288304
+24165288389
+24165289245
+24165289683
+24165289838
+24165290297
+24165291179
+24165291269
+24165291615
+24165291745
+24165292659
+24165293523
+24165294099
+24165294234
+24165294324
+24165294551
+24165294818
+24165295603
+24165295787
+24165295870
+24165295940
+24165296210
+24165296718
+24165296992
+24165298293
+24165298386
+24165298419
+24165298671
+24165298846
+24165299653
+24165300179
+24165301221
+24165301758
+24165302265
+24165302321
+24165302548
+24165303552
+24165304157
+24165304183
+24165304193
+24165304441
+24165304551
+24165304569
+24165304943
+24165305019
+24165305260
+24165305496
+24165305725
+24165305854
+24165306497
+24165306939
+24165307393
+24165307583
+24165307617
+24165307720
+24165308052
+24165308053
+24165308059
+24165308633
+24165308878
+24165308976
+24165309133
+24165309147
+24165309283
+24165310119
+24165310362
+24165310392
+24165311157
+24165311161
+24165311259
+24165311572
+24165311806
+24165311870
+24165312669
+24165313779
+24165313921
+24165314556
+24165314760
+24165314804
+24165315019
+24165315234
+24165315740
+24165315777
+24165316119
+24165316408
+24165317672
+24165317726
+24165319153
+24165319731
+24165319790
+24165320554
+24165320709
+24165320730
+24165321916
+24165322548
+24165322612
+24165322946
+24165325101
+24165325153
+24165325442
+24165325715
+24165325754
+24165326273
+24165327142
+24165327506
+24165327749
+24165327923
+24165328778
+24165328980
+24165329356
+24165329407
+24165329837
+24165330617
+24165331772
+24165332939
+24165332996
+24165333105
+24165334327
+24165334663
+24165334980
+24165335643
+24165336037
+24165336778
+24165337580
+24165337952
+24165338216
+24165338544
+24165339354
+24165339529
+24165339790
+24165340361
+24165340784
+24165340899
+24165341411
+24165341731
+24165341809
+24165341916
+24165342030
+24165342136
+24165342140
+24165342732
+24165344160
+24165344162
+24165344232
+24165345071
+24165345340
+24165345913
+24165346369
+24165346480
+24165346570
+24165347153
+24165347335
+24165347658
+24165348275
+24165348895
+24165348967
+24165349205
+24165349316
+24165350408
+24165350554
+24165351100
+24165351492
+24165351689
+24165351823
+24165352011
+24165352156
+24165352193
+24165352201
+24165352332
+24165353068
+24165353831
+24165354178
+24165354548
+24165354809
+24165355244
+24165355500
+24165355663
+24165355743
+24165356301
+24165357418
+24165357574
+24165357980
+24165358027
+24165358979
+24165359211
+24165359277
+24165359596
+24165360049
+24165360158
+24165360303
+24165360321
+24165360620
+24165362093
+24165362346
+24165362570
+24165362846
+24165363252
+24165363723
+24165363879
+24165364006
+24165364239
+24165364867
+24165365408
+24165365514
+24165366574
+24165367068
+24165367291
+24165367671
+24165367882
+24165368028
+24165368139
+24165368202
+24165368401
+24165368514
+24165369099
+24165369952
+24165369977
+24165370354
+24165370752
+24165371041
+24165371316
+24165371613
+24165371711
+24165371937
+24165373841
+24165373922
+24165374993
+24165375109
+24165375321
+24165375389
+24165376247
+24165376514
+24165376563
+24165376635
+24165377490
+24165377631
+24165377724
+24165378169
+24165379953
+24165379971
+24165380522
+24165380874
+24165381132
+24165381602
+24165381615
+24165382524
+24165382604
+24165383133
+24165383438
+24165383525
+24165383682
+24165384240
+24165384261
+24165384579
+24165385437
+24165385926
+24165387402
+24165387760
+24165387863
+24165389637
+24165389688
+24165390235
+24165390276
+24165390501
+24165390595
+24165392086
+24165392438
+24165392986
+24165394428
+24165395057
+24165395175
+24165395305
+24165395402
+24165396943
+24165398217
+24165399364
+24165399445
+24165399556
+24165400285
+24165400786
+24165400904
+24165401089
+24165401690
+24165401840
+24165402410
+24165402544
+24165402987
+24165403205
+24165403442
+24165403850
+24165403883
+24165404104
+24165404326
+24165404817
+24165405242
+24165406097
+24165406158
+24165406941
+24165407565
+24165407664
+24165408095
+24165408096
+24165408640
+24165408921
+24165410724
+24165410816
+24165410920
+24165411486
+24165411949
+24165412529
+24165412538
+24165413181
+24165413852
+24165414333
+24165414583
+24165414770
+24165415142
+24165415451
+24165415554
+24165416190
+24165416940
+24165417040
+24165418594
+24165418600
+24165418917
+24165419334
+24165420718
+24165420809
+24165421034
+24165421298
+24165421809
+24165422514
+24165422944
+24165423481
+24165423534
+24165424069
+24165424466
+24165424924
+24165425184
+24165426151
+24165426609
+24165427085
+24165427090
+24165427128
+24165427554
+24165427970
+24165428085
+24165430435
+24165431004
+24165431536
+24165431846
+24165432026
+24165432680
+24165432744
+24165433165
+24165433462
+24165433464
+24165433985
+24165434370
+24165434499
+24165434651
+24165435158
+24165435211
+24165435488
+24165435743
+24165436127
+24165436946
+24165437027
+24165437295
+24165437441
+24165437534
+24165438204
+24165438873
+24165439247
+24165439906
+24165440179
+24165440395
+24165440430
+24165441046
+24165442327
+24165442426
+24165442884
+24165443667
+24165444010
+24165444138
+24165444917
+24165445906
+24165445910
+24165446381
+24165446768
+24165447787
+24165448201
+24165448485
+24165448875
+24165449888
+24165449952
+24165450398
+24165450610
+24165450763
+24165451057
+24165452026
+24165452396
+24165452556
+24165453402
+24165453453
+24165454090
+24165454130
+24165454241
+24165454366
+24165455435
+24165455747
+24165456333
+24165456347
+24165456650
+24165456660
+24165456802
+24165456858
+24165457158
+24165458030
+24165458073
+24165458886
+24165459097
+24165459537
+24165459823
+24165460607
+24165460960
+24165461243
+24165461554
+24165462186
+24165463013
+24165464010
+24165464023
+24165464213
+24165464291
+24165464350
+24165464617
+24165466050
+24165466800
+24165467015
+24165467760
+24165468462
+24165468858
+24165469245
+24165469609
+24165470191
+24165470387
+24165470432
+24165470821
+24165470830
+24165472993
+24165473325
+24165474158
+24165474533
+24165474788
+24165475177
+24165475385
+24165475508
+24165475958
+24165476023
+24165476098
+24165476337
+24165476750
+24165477410
+24165478229
+24165478353
+24165478578
+24165478885
+24165478984
+24165479147
+24165480087
+24165480194
+24165480207
+24165481866
+24165482155
+24165482161
+24165482506
+24165482683
+24165483107
+24165483266
+24165483459
+24165483575
+24165484077
+24165484165
+24165484422
+24165484591
+24165485092
+24165485253
+24165485682
+24165486157
+24165486212
+24165486703
+24165486896
+24165487166
+24165488067
+24165488709
+24165489678
+24165490250
+24165491234
+24165491798
+24165491810
+24165492246
+24165492561
+24165492963
+24165492987
+24165493726
+24165494253
+24165494389
+24165494531
+24165495000
+24165495737
+24165496513
+24165496874
+24165497290
+24165498254
+24165498290
+24165499265
+24165500234
+24165500857
+24165501345
+24165502090
+24165502789
+24165502879
+24165502966
+24165503108
+24165503715
+24165505019
+24165505390
+24165506027
+24165506269
+24165506453
+24165507052
+24165507431
+24165507744
+24165508671
+24165508985
+24165509054
+24165509377
+24165509659
+24165509961
+24165510253
+24165510447
+24165510558
+24165510605
+24165510668
+24165510849
+24165511467
+24165512238
+24165512498
+24165512694
+24165513279
+24165513550
+24165514090
+24165514207
+24165514247
+24165514444
+24165514739
+24165514761
+24165515385
+24165515982
+24165516632
+24165516750
+24165516833
+24165518356
+24165518569
+24165518600
+24165519473
+24165519715
+24165519728
+24165519949
+24165520345
+24165520437
+24165520815
+24165520953
+24165521974
+24165522034
+24165522072
+24165523052
+24165523131
+24165524194
+24165524446
+24165524453
+24165524464
+24165524490
+24165524542
+24165525432
+24165525505
+24165526769
+24165526835
+24165526949
+24165527257
+24165527643
+24165527722
+24165528443
+24165528751
+24165529059
+24165529388
+24165529579
+24165529726
+24165529969
+24165531000
+24165531049
+24165531340
+24165531555
+24165531703
+24165532078
+24165532681
+24165532745
+24165533035
+24165534546
+24165534885
+24165535288
+24165535519
+24165535714
+24165536043
+24165536207
+24165536328
+24165536549
+24165537015
+24165537121
+24165537126
+24165537446
+24165537822
+24165538239
+24165539367
+24165539887
+24165539964
+24165540494
+24165541154
+24165541317
+24165541782
+24165542083
+24165543324
+24165543914
+24165544192
+24165544921
+24165545044
+24165545151
+24165545582
+24165545997
+24165547139
+24165547649
+24165547745
+24165547992
+24165549314
+24165549396
+24165550059
+24165550641
+24165551360
+24165551918
+24165552292
+24165552639
+24165553796
+24165554263
+24165554286
+24165554628
+24165554778
+24165554811
+24165554932
+24165555174
+24165557052
+24165557380
+24165557540
+24165558009
+24165558314
+24165558466
+24165559064
+24165559359
+24165559510
+24165559790
+24165559977
+24165560641
+24165561541
+24165562262
+24165562551
+24165562772
+24165563047
+24165563156
+24165564175
+24165564201
+24165564478
+24165565102
+24165565515
+24165565937
+24165566729
+24165566830
+24165566997
+24165567277
+24165568523
+24165568652
+24165568661
+24165568827
+24165569216
+24165569470
+24165569691
+24165570266
+24165570697
+24165570710
+24165570786
+24165570972
+24165571430
+24165571683
+24165572039
+24165572355
+24165573222
+24165573236
+24165573556
+24165573920
+24165574373
+24165574431
+24165574887
+24165575848
+24165576150
+24165576157
+24165576379
+24165576490
+24165576726
+24165577074
+24165577209
+24165577348
+24165578053
+24165578079
+24165579086
+24165579138
+24165579459
+24165579541
+24165580553
+24165581085
+24165581615
+24165581765
+24165582340
+24165582721
+24165583266
+24165583507
+24165583827
+24165583952
+24165584189
+24165584287
+24165584311
+24165585303
+24165585441
+24165585582
+24165585611
+24165586037
+24165586876
+24165586950
+24165587191
+24165587899
+24165588231
+24165588841
+24165589420
+24165589528
+24165589747
+24165590280
+24165590288
+24165590644
+24165591439
+24165592051
+24165592202
+24165592628
+24165592997
+24165593164
+24165593170
+24165593380
+24165593542
+24165593882
+24165594159
+24165595384
+24165595451
+24165595907
+24165596122
+24165596412
+24165596430
+24165597143
+24165597388
+24165597436
+24165597895
+24165597988
+24165598171
+24165600767
+24165601111
+24165601380
+24165601846
+24165602142
+24165602925
+24165603091
+24165603281
+24165603463
+24165604079
+24165604109
+24165604581
+24165604860
+24165605853
+24165607377
+24165607543
+24165608430
+24165608791
+24165609117
+24165609868
+24165610278
+24165610759
+24165610767
+24165611165
+24165611280
+24165612661
+24165613152
+24165613358
+24165613440
+24165614153
+24165614686
+24165615230
+24165615234
+24165615774
+24165616224
+24165616350
+24165616572
+24165616876
+24165616956
+24165617109
+24165617340
+24165617501
+24165617862
+24165618085
+24165618529
+24165619911
+24165619941
+24165620373
+24165620554
+24165621018
+24165621769
+24165621796
+24165621920
+24165622434
+24165622981
+24165623053
+24165623127
+24165624164
+24165624359
+24165624751
+24165625163
+24165625219
+24165625536
+24165625861
+24165626308
+24165626768
+24165627249
+24165627645
+24165627941
+24165628137
+24165628287
+24165628342
+24165628596
+24165629100
+24165630074
+24165630328
+24165631227
+24165632174
+24165632314
+24165632683
+24165632945
+24165632976
+24165633387
+24165633443
+24165633510
+24165633666
+24165633970
+24165634031
+24165634161
+24165634969
+24165635159
+24165635682
+24165635811
+24165636476
+24165637054
+24165637088
+24165637871
+24165637961
+24165638840
+24165640077
+24165640276
+24165640939
+24165640966
+24165641513
+24165641548
+24165642461
+24165642621
+24165643006
+24165643607
+24165643800
+24165643961
+24165644456
+24165645549
+24165645705
+24165645897
+24165646313
+24165647209
+24165647239
+24165647314
+24165647415
+24165647511
+24165647859
+24165648039
+24165648928
+24165649491
+24165650465
+24165650496
+24165650765
+24165651008
+24165652148
+24165652631
+24165652736
+24165652827
+24165653511
+24165653872
+24165653967
+24165654315
+24165655586
+24165656999
+24165657507
+24165658446
+24165658449
+24165658501
+24165658616
+24165658742
+24165659428
+24165660808
+24165661030
+24165661129
+24165661274
+24165661770
+24165662391
+24165662648
+24165663397
+24165663932
+24165664193
+24165665876
+24165666134
+24165666547
+24165666595
+24165667311
+24165668217
+24165668300
+24165668311
+24165668564
+24165669326
+24165669648
+24165669918
+24165669989
+24165670173
+24165671175
+24165671446
+24165672230
+24165672670
+24165673525
+24165673896
+24165674863
+24165675374
+24165675703
+24165676224
+24165676516
+24165677392
+24165677574
+24165678335
+24165680001
+24165681062
+24165681502
+24165682535
+24165682659
+24165683140
+24165683269
+24165683304
+24165683372
+24165683987
+24165684179
+24165684632
+24165685029
+24165686225
+24165686683
+24165687088
+24165687281
+24165688115
+24165688793
+24165689023
+24165691044
+24165691248
+24165692215
+24165692634
+24165693124
+24165693525
+24165693775
+24165693889
+24165693968
+24165694229
+24165694389
+24165695081
+24165695462
+24165695504
+24165695978
+24165696109
+24165696284
+24165696535
+24165696609
+24165696953
+24165697196
+24165697306
+24165698359
+24165698734
+24165699036
+24165699071
+24165700283
+24165700849
+24165701031
+24165701372
+24165701494
+24165701812
+24165701873
+24165703596
+24165703618
+24165703624
+24165704064
+24165704603
+24165704624
+24165704746
+24165705166
+24165705678
+24165705727
+24165705945
+24165706086
+24165706818
+24165707168
+24165707238
+24165707260
+24165707475
+24165708029
+24165708241
+24165708601
+24165709387
+24165709832
+24165710033
+24165710187
+24165710277
+24165710991
+24165711050
+24165711446
+24165712164
+24165712761
+24165714399
+24165714535
+24165714891
+24165715126
+24165715153
+24165715366
+24165715453
+24165715685
+24165716441
+24165716604
+24165716773
+24165717120
+24165717262
+24165717311
+24165718039
+24165718263
+24165718345
+24165718552
+24165719120
+24165719240
+24165719378
+24165719768
+24165720218
+24165720394
+24165720432
+24165720719
+24165720783
+24165720848
+24165721115
+24165721256
+24165721690
+24165722020
+24165722179
+24165722818
+24165723224
+24165725173
+24165725254
+24165725853
+24165726564
+24165727048
+24165727178
+24165727547
+24165727618
+24165728058
+24165728245
+24165728282
+24165728456
+24165728847
+24165729450
+24165729637
+24165730947
+24165731133
+24165732028
+24165732750
+24165732812
+24165733866
+24165733881
+24165734974
+24165735096
+24165735656
+24165735850
+24165738346
+24165738389
+24165739083
+24165739284
+24165739648
+24165739884
+24165740180
+24165740350
+24165741068
+24165742229
+24165743021
+24165743138
+24165743694
+24165745089
+24165745336
+24165745885
+24165746065
+24165746167
+24165746183
+24165746501
+24165747052
+24165747117
+24165747266
+24165747333
+24165747569
+24165747939
+24165749033
+24165749063
+24165749377
+24165749587
+24165749835
+24165750206
+24165750299
+24165751152
+24165751180
+24165751243
+24165751738
+24165751739
+24165752539
+24165752740
+24165753102
+24165753395
+24165753677
+24165753722
+24165754309
+24165754493
+24165754900
+24165755365
+24165755412
+24165755646
+24165756084
+24165756118
+24165757241
+24165757451
+24165757685
+24165758524
+24165759445
+24165759782
+24165759898
+24165760817
+24165760996
+24165761113
+24165761907
+24165761965
+24165762113
+24165762263
+24165763176
+24165763640
+24165763985
+24165763997
+24165765539
+24165766605
+24165766611
+24165766670
+24165766981
+24165767146
+24165767252
+24165767658
+24165767956
+24165768064
+24165768246
+24165768291
+24165768318
+24165768609
+24165769971
+24165770063
+24165770238
+24165770776
+24165771154
+24165771406
+24165771792
+24165772766
+24165773578
+24165774553
+24165775227
+24165775252
+24165775392
+24165775625
+24165775741
+24165775754
+24165776541
+24165777284
+24165777420
+24165777592
+24165777914
+24165777965
+24165778009
+24165779000
+24165779187
+24165779805
+24165779983
+24165780189
+24165780542
+24165780559
+24165780560
+24165780695
+24165781031
+24165781090
+24165781406
+24165781621
+24165783026
+24165783119
+24165783148
+24165783662
+24165783880
+24165783897
+24165784109
+24165784328
+24165784517
+24165785380
+24165785423
+24165786027
+24165786408
+24165786500
+24165786519
+24165786789
+24165787113
+24165787160
+24165787459
+24165788184
+24165789216
+24165789226
+24165789744
+24165789872
+24165790053
+24165790220
+24165790827
+24165791061
+24165791069
+24165791150
+24165791209
+24165791323
+24165791455
+24165792223
+24165792266
+24165792335
+24165792403
+24165793130
+24165794541
+24165794944
+24165795597
+24165796001
+24165796104
+24165796875
+24165797810
+24165797835
+24165798456
+24165798529
+24165798870
+24165799802
+24165799889
+24165801090
+24165801355
+24165801418
+24165801593
+24165801608
+24165801671
+24165802101
+24165802542
+24165803251
+24165803261
+24165804600
+24165805027
+24165806557
+24165806682
+24165807009
+24165807835
+24165807945
+24165808102
+24165808142
+24165808198
+24165808255
+24165808590
+24165808596
+24165808888
+24165809335
+24165809389
+24165809734
+24165809760
+24165809940
+24165809973
+24165810489
+24165810604
+24165810706
+24165811727
+24165812265
+24165812656
+24165813105
+24165813212
+24165813815
+24165814017
+24165815094
+24165815237
+24165815364
+24165815685
+24165816337
+24165816471
+24165816773
+24165816833
+24165816905
+24165817486
+24165817763
+24165818718
+24165818762
+24165818804
+24165819153
+24165819543
+24165819857
+24165819858
+24165819923
+24165820813
+24165820878
+24165820950
+24165821278
+24165821427
+24165821529
+24165821844
+24165823284
+24165824390
+24165824762
+24165824891
+24165824920
+24165825167
+24165825678
+24165825700
+24165826714
+24165826830
+24165827011
+24165828449
+24165829102
+24165829149
+24165829566
+24165829702
+24165829756
+24165829876
+24165830036
+24165830294
+24165830629
+24165830944
+24165830970
+24165831138
+24165831140
+24165831617
+24165832027
+24165832640
+24165833013
+24165833183
+24165833293
+24165833498
+24165834265
+24165835091
+24165835265
+24165835486
+24165836943
+24165837232
+24165837679
+24165837849
+24165838162
+24165838657
+24165839529
+24165839822
+24165840833
+24165841425
+24165841453
+24165842004
+24165842214
+24165842374
+24165842819
+24165843131
+24165843542
+24165844025
+24165844065
+24165844217
+24165844592
+24165844744
+24165844823
+24165844847
+24165845502
+24165845827
+24165846270
+24165847003
+24165847789
+24165847850
+24165848067
+24165848172
+24165848712
+24165849338
+24165849553
+24165850040
+24165850434
+24165851016
+24165851164
+24165851331
+24165851649
+24165851661
+24165851680
+24165852080
+24165852239
+24165852336
+24165852500
+24165852934
+24165854524
+24165854796
+24165854977
+24165855247
+24165855250
+24165855478
+24165855992
+24165856393
+24165856926
+24165857242
+24165858061
+24165858328
+24165858528
+24165858703
+24165859546
+24165859647
+24165859708
+24165859879
+24165859997
+24165860102
+24165860150
+24165860705
+24165861690
+24165862470
+24165863764
+24165863843
+24165864087
+24165864251
+24165865128
+24165865650
+24165865976
+24165867029
+24165867739
+24165867886
+24165868932
+24165868985
+24165869021
+24165869052
+24165870213
+24165870286
+24165870527
+24165871020
+24165871468
+24165871674
+24165872020
+24165872028
+24165873056
+24165873376
+24165873738
+24165874086
+24165874486
+24165874609
+24165874958
+24165875672
+24165875960
+24165876599
+24165876945
+24165877055
+24165877307
+24165878033
+24165878940
+24165879536
+24165879596
+24165879880
+24165881063
+24165882240
+24165882488
+24165882726
+24165882994
+24165883066
+24165883669
+24165884179
+24165884937
+24165885589
+24165885729
+24165885784
+24165885846
+24165886056
+24165887943
+24165888756
+24165889775
+24165890138
+24165890190
+24165890233
+24165890816
+24165891002
+24165891983
+24165892540
+24165892959
+24165893430
+24165894036
+24165894331
+24165894896
+24165895094
+24165895593
+24165895974
+24165896143
+24165896199
+24165896801
+24165897758
+24165897905
+24165898621
+24165898672
+24165898918
+24165899009
+24165899036
+24165899547
+24165899751
+24165900454
+24165900776
+24165900920
+24165900964
+24165901017
+24165901209
+24165901780
+24165901869
+24165902345
+24165903785
+24165904936
+24165905469
+24165906050
+24165906093
+24165906729
+24165906731
+24165906957
+24165907234
+24165907810
+24165909584
+24165909710
+24165910067
+24165910254
+24165911644
+24165912598
+24165912986
+24165913318
+24165913383
+24165913670
+24165914613
+24165914614
+24165915236
+24165915271
+24165915291
+24165915994
+24165916121
+24165916328
+24165916649
+24165917118
+24165917930
+24165918215
+24165918278
+24165918754
+24165918892
+24165919024
+24165919380
+24165921024
+24165921755
+24165921765
+24165921895
+24165922022
+24165922206
+24165922305
+24165923022
+24165923394
+24165923414
+24165924690
+24165925143
+24165925171
+24165926457
+24165926522
+24165926540
+24165926870
+24165926989
+24165927073
+24165927304
+24165928081
+24165928365
+24165928608
+24165929857
+24165930330
+24165931178
+24165931793
+24165933035
+24165933363
+24165933491
+24165934461
+24165934526
+24165937696
+24165937939
+24165938259
+24165938587
+24165938945
+24165939187
+24165939691
+24165939809
+24165940005
+24165940449
+24165940931
+24165941030
+24165941310
+24165942040
+24165942193
+24165942295
+24165942401
+24165942810
+24165943010
+24165943315
+24165943828
+24165945712
+24165946063
+24165946624
+24165946806
+24165947202
+24165947475
+24165947651
+24165947670
+24165947836
+24165948784
+24165949890
+24165950103
+24165950233
+24165950477
+24165950898
+24165951045
+24165951533
+24165951749
+24165952138
+24165952606
+24165952777
+24165953079
+24165953249
+24165953745
+24165953979
+24165954035
+24165954499
+24165955094
+24165955118
+24165955442
+24165955877
+24165955960
+24165956422
+24165956470
+24165956901
+24165957414
+24165957909
+24165958074
+24165958302
+24165959284
+24165959377
+24165959444
+24165959512
+24165959866
+24165959885
+24165959983
+24165960407
+24165961263
+24165961776
+24165961985
+24165962754
+24165962767
+24165963041
+24165963167
+24165963196
+24165963301
+24165963557
+24165963637
+24165964120
+24165964130
+24165964549
+24165965001
+24165965244
+24165966154
+24165966793
+24165966820
+24165967716
+24165968071
+24165968366
+24165969193
+24165969213
+24165969221
+24165969241
+24165969321
+24165969717
+24165969934
+24165970690
+24165970999
+24165971891
+24165972157
+24165972232
+24165972288
+24165972302
+24165972727
+24165972742
+24165973391
+24165973893
+24165974247
+24165974674
+24165975237
+24165975511
+24165975871
+24165975995
+24165976296
+24165977401
+24165977654
+24165977833
+24165977896
+24165978178
+24165978179
+24165978549
+24165978631
+24165979625
+24165980031
+24165980098
+24165980458
+24165981128
+24165981420
+24165982335
+24165982881
+24165983988
+24165984597
+24165985048
+24165985167
+24165985371
+24165986073
+24165986193
+24165986309
+24165986516
+24165986536
+24165986667
+24165989151
+24165989496
+24165989803
+24165990255
+24165990321
+24165990347
+24165990844
+24165992088
+24165992502
+24165992516
+24165992801
+24165993216
+24165993571
+24165993888
+24165994073
+24165994449
+24165994609
+24165994639
+24165995236
+24165996687
+24165997078
+24165997782
+24165997932
+24165997946
+24165998771
+24165998971
+24165999154
+24165999230
+24165999570
+24165999577
+24165999830
+24166000095
+24166000593
+24166001401
+24166001849
+24166001930
+24166003225
+24166003416
+24166003552
+24166003849
+24166004017
+24166004490
+24166004500
+24166004515
+24166004729
+24166004982
+24166005466
+24166006367
+24166006607
+24166006832
+24166007173
+24166007425
+24166008040
+24166008496
+24166008597
+24166009177
+24166009205
+24166009532
+24166010022
+24166010641
+24166010917
+24166010948
+24166011002
+24166011075
+24166011619
+24166011974
+24166012215
+24166012532
+24166012841
+24166013332
+24166013354
+24166015123
+24166015949
+24166016094
+24166016095
+24166016242
+24166016622
+24166017525
+24166018036
+24166018058
+24166018585
+24166019172
+24166019860
+24166019969
+24166020453
+24166020599
+24166021362
+24166021567
+24166021883
+24166022553
+24166022585
+24166022687
+24166023336
+24166023565
+24166024397
+24166024528
+24166024699
+24166025531
+24166026051
+24166026445
+24166026928
+24166027408
+24166027538
+24166027769
+24166028080
+24166028283
+24166028722
+24166029215
+24166029636
+24166029914
+24166030280
+24166030496
+24166030612
+24166030952
+24166031171
+24166031319
+24166031351
+24166031637
+24166032191
+24166032260
+24166032618
+24166032973
+24166033056
+24166034301
+24166034710
+24166035632
+24166035810
+24166036128
+24166036492
+24166036504
+24166037571
+24166037572
+24166037959
+24166038037
+24166038095
+24166038132
+24166038140
+24166038251
+24166038764
+24166039151
+24166039605
+24166039612
+24166040640
+24166041192
+24166041414
+24166041570
+24166042069
+24166042225
+24166042249
+24166042931
+24166043852
+24166043901
+24166043957
+24166044295
+24166044464
+24166045438
+24166046133
+24166046509
+24166046577
+24166047860
+24166048826
+24166049313
+24166049478
+24166049552
+24166049625
+24166049773
+24166049847
+24166050711
+24166051279
+24166051280
+24166051701
+24166052284
+24166052736
+24166052921
+24166053157
+24166053830
+24166053941
+24166054020
+24166054049
+24166054095
+24166054117
+24166054138
+24166055062
+24166055076
+24166055906
+24166055984
+24166056018
+24166056522
+24166056820
+24166056841
+24166056877
+24166057920
+24166058132
+24166058762
+24166058900
+24166058990
+24166059939
+24166059951
+24166060383
+24166060576
+24166060785
+24166060907
+24166061585
+24166061683
+24166062653
+24166062819
+24166062976
+24166062978
+24166063401
+24166063842
+24166064232
+24166064237
+24166066705
+24166066877
+24166067680
+24166068308
+24166068600
+24166068669
+24166069666
+24166070190
+24166071642
+24166071816
+24166073065
+24166073651
+24166073681
+24166073814
+24166074132
+24166074434
+24166075148
+24166075756
+24166076655
+24166076729
+24166076848
+24166077037
+24166077470
+24166077646
+24166078551
+24166078603
+24166079565
+24166080581
+24166080706
+24166080935
+24166081177
+24166081364
+24166081507
+24166081666
+24166081681
+24166081970
+24166082487
+24166082556
+24166082680
+24166082799
+24166083486
+24166083508
+24166083586
+24166083727
+24166084358
+24166084399
+24166084733
+24166084799
+24166084839
+24166084900
+24166085001
+24166085014
+24166085703
+24166086146
+24166086507
+24166087114
+24166087204
+24166087276
+24166088277
+24166088346
+24166089161
+24166089454
+24166089633
+24166089933
+24166089966
+24166091224
+24166091472
+24166092140
+24166092308
+24166092478
+24166092532
+24166092732
+24166092858
+24166093483
+24166094574
+24166094726
+24166094789
+24166094945
+24166095211
+24166095462
+24166096007
+24166096033
+24166096036
+24166096063
+24166096130
+24166097563
+24166098255
+24166098269
+24166098984
+24166099138
+24166099829
+24166100451
+24166100572
+24166101350
+24166101617
+24166101857
+24166104507
+24166104585
+24166104888
+24166105091
+24166105368
+24166106571
+24166107033
+24166107986
+24166108002
+24166108482
+24166108874
+24166109445
+24166109880
+24166110147
+24166110665
+24166111267
+24166113146
+24166113334
+24166113366
+24166114102
+24166114217
+24166115187
+24166116008
+24166116085
+24166116149
+24166116286
+24166116482
+24166116830
+24166117123
+24166117613
+24166117660
+24166117728
+24166118822
+24166118927
+24166119289
+24166119758
+24166120068
+24166121071
+24166121479
+24166121506
+24166121749
+24166121830
+24166121866
+24166122401
+24166122533
+24166122629
+24166123633
+24166123775
+24166123865
+24166123867
+24166124010
+24166124559
+24166125149
+24166125300
+24166125688
+24166125931
+24166125995
+24166126016
+24166126614
+24166126746
+24166127339
+24166127390
+24166127610
+24166127736
+24166128028
+24166128338
+24166129044
+24166129735
+24166129748
+24166130480
+24166130746
+24166130986
+24166131586
+24166131601
+24166131611
+24166131654
+24166132145
+24166132376
+24166132605
+24166132685
+24166132857
+24166133111
+24166133944
+24166134470
+24166134626
+24166134769
+24166135102
+24166135922
+24166135991
+24166136223
+24166136301
+24166136835
+24166138193
+24166139163
+24166139521
+24166139671
+24166139940
+24166140831
+24166140913
+24166141215
+24166141591
+24166141696
+24166141761
+24166142384
+24166142769
+24166142935
+24166142985
+24166143181
+24166143195
+24166143787
+24166144047
+24166144122
+24166144381
+24166145037
+24166145187
+24166146137
+24166146355
+24166146683
+24166147293
+24166147633
+24166147847
+24166147856
+24166147865
+24166148288
+24166148599
+24166148746
+24166149059
+24166149792
+24166150032
+24166150392
+24166150623
+24166150770
+24166151251
+24166151338
+24166151969
+24166152411
+24166152674
+24166152872
+24166152875
+24166152940
+24166153246
+24166153793
+24166154073
+24166154153
+24166154463
+24166155362
+24166155738
+24166155941
+24166156355
+24166156633
+24166157951
+24166158627
+24166158799
+24166159166
+24166159605
+24166160064
+24166160616
+24166163132
+24166163202
+24166163564
+24166163678
+24166164159
+24166164165
+24166164204
+24166164214
+24166164227
+24166164530
+24166164701
+24166164769
+24166165365
+24166165589
+24166165855
+24166167098
+24166167154
+24166167552
+24166167939
+24166168412
+24166169629
+24166170237
+24166170288
+24166170309
+24166170326
+24166170423
+24166171842
+24166171998
+24166172800
+24166173120
+24166173733
+24166173870
+24166173890
+24166174472
+24166174532
+24166175230
+24166175254
+24166176151
+24166176324
+24166176430
+24166176574
+24166177186
+24166178458
+24166178666
+24166179390
+24166179787
+24166179980
+24166180110
+24166180200
+24166180291
+24166180873
+24166180883
+24166180900
+24166181028
+24166181524
+24166181564
+24166181985
+24166181998
+24166182230
+24166182276
+24166182761
+24166182795
+24166182848
+24166182866
+24166183045
+24166183112
+24166183196
+24166183436
+24166183456
+24166183696
+24166183811
+24166184313
+24166184534
+24166184619
+24166184751
+24166185049
+24166185148
+24166185263
+24166186207
+24166186708
+24166186711
+24166186984
+24166187945
+24166188175
+24166188462
+24166189335
+24166189866
+24166189867
+24166190300
+24166190311
+24166190403
+24166190438
+24166190531
+24166190576
+24166191005
+24166191224
+24166192238
+24166192407
+24166192421
+24166192493
+24166192523
+24166192821
+24166192874
+24166193488
+24166194989
+24166195016
+24166195168
+24166195304
+24166195506
+24166195730
+24166196105
+24166196341
+24166196670
+24166196961
+24166196995
+24166197328
+24166197894
+24166197903
+24166198324
+24166198528
+24166200765
+24166200881
+24166202012
+24166202282
+24166202464
+24166202923
+24166202961
+24166203220
+24166203380
+24166203554
+24166204046
+24166205185
+24166205368
+24166205423
+24166205435
+24166205648
+24166205676
+24166205787
+24166205938
+24166206439
+24166207453
+24166207955
+24166207986
+24166209701
+24166209815
+24166209908
+24166210276
+24166210521
+24166210666
+24166210792
+24166210819
+24166210969
+24166211253
+24166211678
+24166212100
+24166212297
+24166212490
+24166212753
+24166213219
+24166213673
+24166213782
+24166213950
+24166214463
+24166215182
+24166215417
+24166215455
+24166216206
+24166216907
+24166217091
+24166217148
+24166217633
+24166217759
+24166218009
+24166218397
+24166219059
+24166219120
+24166219678
+24166219996
+24166220342
+24166220384
+24166220412
+24166220539
+24166221251
+24166221261
+24166221590
+24166221624
+24166222847
+24166223448
+24166223781
+24166224216
+24166224333
+24166224883
+24166225171
+24166225188
+24166225329
+24166225567
+24166225581
+24166225726
+24166225966
+24166226358
+24166226537
+24166227128
+24166227223
+24166228786
+24166229284
+24166230001
+24166230241
+24166230631
+24166230641
+24166230820
+24166230888
+24166231238
+24166231438
+24166231781
+24166232504
+24166232647
+24166232668
+24166232808
+24166233145
+24166233533
+24166234401
+24166234899
+24166235843
+24166236070
+24166236079
+24166236181
+24166236289
+24166236363
+24166237105
+24166237495
+24166237606
+24166239264
+24166239615
+24166239795
+24166239912
+24166240217
+24166240268
+24166240598
+24166240801
+24166241219
+24166241425
+24166241447
+24166241601
+24166241920
+24166242312
+24166242564
+24166244698
+24166245297
+24166245486
+24166245966
+24166245997
+24166246352
+24166247313
+24166247662
+24166249014
+24166250173
+24166250860
+24166251230
+24166252658
+24166252734
+24166252795
+24166254084
+24166254216
+24166254333
+24166254435
+24166254716
+24166254745
+24166254757
+24166255125
+24166257156
+24166257775
+24166258270
+24166258809
+24166259213
+24166259440
+24166260431
+24166260561
+24166260567
+24166260580
+24166260978
+24166261072
+24166261202
+24166261997
+24166262771
+24166263168
+24166263219
+24166263565
+24166263763
+24166264789
+24166264823
+24166265256
+24166265299
+24166265523
+24166266417
+24166267231
+24166267701
+24166268058
+24166268336
+24166268398
+24166269191
+24166269447
+24166270366
+24166270878
+24166270922
+24166271652
+24166272943
+24166273336
+24166273357
+24166273523
+24166273824
+24166273926
+24166274381
+24166274580
+24166274663
+24166274906
+24166275060
+24166275693
+24166275955
+24166276002
+24166276132
+24166276725
+24166276926
+24166277774
+24166278246
+24166278311
+24166278858
+24166279510
+24166280354
+24166281232
+24166281511
+24166282238
+24166282632
+24166282681
+24166282853
+24166284166
+24166284519
+24166284555
+24166285037
+24166285497
+24166285801
+24166285900
+24166286094
+24166286145
+24166286424
+24166286444
+24166287551
+24166287581
+24166288970
+24166289003
+24166289089
+24166289286
+24166289450
+24166290528
+24166290540
+24166290850
+24166291281
+24166292014
+24166292023
+24166292478
+24166293923
+24166293924
+24166294453
+24166294696
+24166295796
+24166295869
+24166296801
+24166297277
+24166297404
+24166297453
+24166297902
+24166299068
+24166299146
+24166299818
+24166300295
+24166300305
+24166300401
+24166302018
+24166302305
+24166302323
+24166302736
+24166302936
+24166304246
+24166304923
+24166305233
+24166306280
+24166306840
+24166307422
+24166308379
+24166308672
+24166308954
+24166309205
+24166309207
+24166309310
+24166309732
+24166310071
+24166310218
+24166310288
+24166310773
+24166311000
+24166312256
+24166312473
+24166313182
+24166313640
+24166314069
+24166314543
+24166314830
+24166315515
+24166315918
+24166316887
+24166317871
+24166318020
+24166318375
+24166318957
+24166319382
+24166320203
+24166320274
+24166320348
+24166320729
+24166321134
+24166321245
+24166321793
+24166321864
+24166321904
+24166322355
+24166322569
+24166322722
+24166323153
+24166323369
+24166323606
+24166323624
+24166323715
+24166323753
+24166323912
+24166324308
+24166325359
+24166326453
+24166326555
+24166326567
+24166327863
+24166329490
+24166330032
+24166331952
+24166331961
+24166332162
+24166332218
+24166332324
+24166332645
+24166332875
+24166332954
+24166334453
+24166334637
+24166334831
+24166334921
+24166335214
+24166335307
+24166337164
+24166337345
+24166337691
+24166337974
+24166338003
+24166338182
+24166338338
+24166338629
+24166339080
+24166339478
+24166339494
+24166339603
+24166339642
+24166339647
+24166339766
+24166341128
+24166341228
+24166341571
+24166342514
+24166342830
+24166343327
+24166343615
+24166344813
+24166345152
+24166345174
+24166345230
+24166345345
+24166345461
+24166345515
+24166345685
+24166346430
+24166346584
+24166347247
+24166349272
+24166350500
+24166350958
+24166351805
+24166353580
+24166354148
+24166354668
+24166355623
+24166357213
+24166357357
+24166358200
+24166359092
+24166359927
+24166360225
+24166361056
+24166361394
+24166362052
+24166362405
+24166362447
+24166362583
+24166362795
+24166363114
+24166363785
+24166364433
+24166364488
+24166364573
+24166364689
+24166366393
+24166366856
+24166367525
+24166369332
+24166369438
+24166369472
+24166369695
+24166369917
+24166370218
+24166370392
+24166370728
+24166371560
+24166371831
+24166372369
+24166372506
+24166373089
+24166373171
+24166373508
+24166373900
+24166374176
+24166374514
+24166374613
+24166374657
+24166374695
+24166374823
+24166374999
+24166375005
+24166375423
+24166376062
+24166376259
+24166376773
+24166376949
+24166376961
+24166377432
+24166378492
+24166378665
+24166379375
+24166379996
+24166380738
+24166380836
+24166381036
+24166381566
+24166381999
+24166382009
+24166383207
+24166383449
+24166383636
+24166383822
+24166384579
+24166385671
+24166385706
+24166385825
+24166385826
+24166386013
+24166386421
+24166387147
+24166388643
+24166388967
+24166389397
+24166389613
+24166390135
+24166390155
+24166390364
+24166390931
+24166391055
+24166391242
+24166391249
+24166391308
+24166392725
+24166393364
+24166393379
+24166393507
+24166394101
+24166394759
+24166395452
+24166395673
+24166395750
+24166396180
+24166396638
+24166396953
+24166397163
+24166398072
+24166398414
+24166398678
+24166398732
+24166399078
+24166399778
+24166400081
+24166400208
+24166400551
+24166401966
+24166402723
+24166402866
+24166403339
+24166403610
+24166403881
+24166404713
+24166405692
+24166406638
+24166407460
+24166407762
+24166407838
+24166408330
+24166408868
+24166409532
+24166409806
+24166410011
+24166410964
+24166411242
+24166411402
+24166411839
+24166411877
+24166412229
+24166412240
+24166412556
+24166412753
+24166412816
+24166412832
+24166413573
+24166413831
+24166413903
+24166413964
+24166414200
+24166414544
+24166414696
+24166415178
+24166415218
+24166415251
+24166415278
+24166415691
+24166415784
+24166416362
+24166416499
+24166416977
+24166417322
+24166417712
+24166417775
+24166417848
+24166418477
+24166418481
+24166420536
+24166420989
+24166421563
+24166421976
+24166422070
+24166422327
+24166422979
+24166423504
+24166423980
+24166424513
+24166424793
+24166425002
+24166425597
+24166425727
+24166427284
+24166427943
+24166428049
+24166428259
+24166428308
+24166428376
+24166428439
+24166428618
+24166429022
+24166429571
+24166429889
+24166429996
+24166430142
+24166430838
+24166430925
+24166431873
+24166431922
+24166432006
+24166432279
+24166433184
+24166433356
+24166434159
+24166434882
+24166435355
+24166435410
+24166435992
+24166436725
+24166436836
+24166436935
+24166437440
+24166437672
+24166438377
+24166438385
+24166438723
+24166438916
+24166439118
+24166439243
+24166439692
+24166439843
+24166440136
+24166440614
+24166440784
+24166440829
+24166441233
+24166442130
+24166442467
+24166443277
+24166443748
+24166443884
+24166443903
+24166444093
+24166445227
+24166445528
+24166446397
+24166446658
+24166446833
+24166447069
+24166447140
+24166447360
+24166447474
+24166447591
+24166448204
+24166449633
+24166449784
+24166450158
+24166450478
+24166451035
+24166451072
+24166451671
+24166451754
+24166451899
+24166452495
+24166452909
+24166452960
+24166453171
+24166453859
+24166457248
+24166457335
+24166457965
+24166458322
+24166458519
+24166459264
+24166459419
+24166459593
+24166459947
+24166460127
+24166460572
+24166462013
+24166462032
+24166462360
+24166462451
+24166462680
+24166463483
+24166463869
+24166464570
+24166465054
+24166465428
+24166465720
+24166466507
+24166466920
+24166467714
+24166468299
+24166469463
+24166469600
+24166469784
+24166469903
+24166470141
+24166470207
+24166470251
+24166471335
+24166472497
+24166472532
+24166473170
+24166473274
+24166473507
+24166474013
+24166474056
+24166474112
+24166474133
+24166474839
+24166474849
+24166474853
+24166475871
+24166476143
+24166476348
+24166476570
+24166476589
+24166477038
+24166477319
+24166477335
+24166477381
+24166477980
+24166478002
+24166478149
+24166478952
+24166479241
+24166481632
+24166481981
+24166482031
+24166482428
+24166482952
+24166483486
+24166483875
+24166483951
+24166484061
+24166484358
+24166484434
+24166485697
+24166485923
+24166486127
+24166486767
+24166487486
+24166487750
+24166487794
+24166487981
+24166488748
+24166488794
+24166488821
+24166489980
+24166490494
+24166491667
+24166491996
+24166492580
+24166493315
+24166493528
+24166493653
+24166493711
+24166493928
+24166494400
+24166495106
+24166496183
+24166498086
+24166498144
+24166498176
+24166498460
+24166498636
+24166498860
+24166499356
+24166500170
+24166500548
+24166501090
+24166501137
+24166501155
+24166502295
+24166502747
+24166503225
+24166504721
+24166505409
+24166505788
+24166505997
+24166506361
+24166507014
+24166508349
+24166508445
+24166508515
+24166508589
+24166508616
+24166509589
+24166509932
+24166511303
+24166511984
+24166512117
+24166512333
+24166512711
+24166512814
+24166512825
+24166513040
+24166514392
+24166514425
+24166514695
+24166514965
+24166515306
+24166515988
+24166516881
+24166517743
+24166517968
+24166518272
+24166518310
+24166519195
+24166519223
+24166519396
+24166521519
+24166521564
+24166521716
+24166521727
+24166522493
+24166523537
+24166523550
+24166523568
+24166523910
+24166524978
+24166525569
+24166526215
+24166526252
+24166526300
+24166526765
+24166527376
+24166527464
+24166528024
+24166528535
+24166528708
+24166528884
+24166529418
+24166529445
+24166529938
+24166530069
+24166530624
+24166530987
+24166531156
+24166531355
+24166531565
+24166531712
+24166531843
+24166532720
+24166532772
+24166533099
+24166534039
+24166534085
+24166534169
+24166534234
+24166534343
+24166534554
+24166534601
+24166535763
+24166536226
+24166536263
+24166536838
+24166537015
+24166537790
+24166538046
+24166538277
+24166541088
+24166541666
+24166542077
+24166542330
+24166542461
+24166542735
+24166543000
+24166543593
+24166543732
+24166544147
+24166545258
+24166546332
+24166546399
+24166546537
+24166546557
+24166546851
+24166546886
+24166547112
+24166547764
+24166547821
+24166548075
+24166548301
+24166549528
+24166549584
+24166549649
+24166550809
+24166550816
+24166551122
+24166551508
+24166552029
+24166552676
+24166552753
+24166553394
+24166554294
+24166555133
+24166555676
+24166556395
+24166556438
+24166556622
+24166556836
+24166557980
+24166557996
+24166558173
+24166558361
+24166558655
+24166558961
+24166559273
+24166560081
+24166560356
+24166560385
+24166560429
+24166560672
+24166561300
+24166562308
+24166562705
+24166562947
+24166563602
+24166563604
+24166564115
+24166564461
+24166565382
+24166565434
+24166565705
+24166565936
+24166566568
+24166567078
+24166567675
+24166568304
+24166568684
+24166568735
+24166568985
+24166568997
+24166569274
+24166569729
+24166569951
+24166570059
+24166570074
+24166570241
+24166570979
+24166571422
+24166571749
+24166572853
+24166573080
+24166573528
+24166573594
+24166575141
+24166575459
+24166575752
+24166576101
+24166576129
+24166576244
+24166576356
+24166576628
+24166577136
+24166577368
+24166578109
+24166579031
+24166579117
+24166579130
+24166579228
+24166580998
+24166581074
+24166581898
+24166582073
+24166582621
+24166582988
+24166584516
+24166584953
+24166585000
+24166585553
+24166585634
+24166586545
+24166586553
+24166587238
+24166588080
+24166588697
+24166588789
+24166589536
+24166590757
+24166591351
+24166591438
+24166591816
+24166591937
+24166592073
+24166592222
+24166592234
+24166592326
+24166592835
+24166593364
+24166593601
+24166594055
+24166594845
+24166595051
+24166596820
+24166597141
+24166597968
+24166598482
+24166598689
+24166600039
+24166600503
+24166600837
+24166601065
+24166601143
+24166601471
+24166601514
+24166601638
+24166601844
+24166602764
+24166603108
+24166603592
+24166603798
+24166604016
+24166605053
+24166605162
+24166605738
+24166606667
+24166606753
+24166607213
+24166607392
+24166607667
+24166608470
+24166608544
+24166608663
+24166609125
+24166609587
+24166609798
+24166610163
+24166610504
+24166611456
+24166611483
+24166611544
+24166611791
+24166612042
+24166612621
+24166613284
+24166614251
+24166614961
+24166615885
+24166616609
+24166616754
+24166617391
+24166617529
+24166618579
+24166618979
+24166619299
+24166619843
+24166619882
+24166619919
+24166620397
+24166620789
+24166621083
+24166621176
+24166621286
+24166621381
+24166621474
+24166621569
+24166621814
+24166621905
+24166622009
+24166622850
+24166623266
+24166623296
+24166623405
+24166623424
+24166623575
+24166623737
+24166624540
+24166624581
+24166624750
+24166625196
+24166625554
+24166626107
+24166626482
+24166626564
+24166626755
+24166626835
+24166627715
+24166628154
+24166628583
+24166628703
+24166629393
+24166629497
+24166629818
+24166629992
+24166630203
+24166630514
+24166630708
+24166630754
+24166630809
+24166631383
+24166631751
+24166632205
+24166632462
+24166632470
+24166632511
+24166633053
+24166633055
+24166633422
+24166633482
+24166633584
+24166633725
+24166634024
+24166634228
+24166634410
+24166635045
+24166635269
+24166636063
+24166636462
+24166637509
+24166637783
+24166638645
+24166639794
+24166640065
+24166640634
+24166641518
+24166641589
+24166642535
+24166643363
+24166643392
+24166643780
+24166643803
+24166644005
+24166644496
+24166644821
+24166645435
+24166646064
+24166646135
+24166646308
+24166646920
+24166647144
+24166648133
+24166648262
+24166648641
+24166648836
+24166649078
+24166650349
+24166650529
+24166651064
+24166651490
+24166651736
+24166652141
+24166652340
+24166652380
+24166652536
+24166652579
+24166652711
+24166653232
+24166654521
+24166654628
+24166654849
+24166657009
+24166657032
+24166657384
+24166658688
+24166658709
+24166658901
+24166658929
+24166659029
+24166659515
+24166659963
+24166660374
+24166661153
+24166661308
+24166661367
+24166661528
+24166662467
+24166663297
+24166663531
+24166664001
+24166664042
+24166664112
+24166664873
+24166664963
+24166665215
+24166665742
+24166665872
+24166665968
+24166666017
+24166666946
+24166667251
+24166667349
+24166667672
+24166668439
+24166668904
+24166669034
+24166670214
+24166670243
+24166671406
+24166672400
+24166672482
+24166672608
+24166674360
+24166674552
+24166674711
+24166675819
+24166676500
+24166676647
+24166676810
+24166677217
+24166677947
+24166678936
+24166678970
+24166678981
+24166679519
+24166679684
+24166679705
+24166679755
+24166681442
+24166681900
+24166682459
+24166682916
+24166683028
+24166683064
+24166683719
+24166683866
+24166683872
+24166684070
+24166684352
+24166684548
+24166684677
+24166685373
+24166685979
+24166686077
+24166686194
+24166686489
+24166687610
+24166687826
+24166688823
+24166689153
+24166689391
+24166690400
+24166690487
+24166690661
+24166691253
+24166691449
+24166691726
+24166693665
+24166695192
+24166695719
+24166696245
+24166696925
+24166697139
+24166697762
+24166698267
+24166698410
+24166698568
+24166698668
+24166698706
+24166698893
+24166698945
+24166699788
+24166700530
+24166701353
+24166701432
+24166701828
+24166701953
+24166702289
+24166702776
+24166703394
+24166703629
+24166703707
+24166704594
+24166704616
+24166704774
+24166705967
+24166706460
+24166706848
+24166707024
+24166707348
+24166707637
+24166707863
+24166708141
+24166708562
+24166709475
+24166709627
+24166709661
+24166709827
+24166710514
+24166710632
+24166711524
+24166711713
+24166711774
+24166713146
+24166713542
+24166713848
+24166713965
+24166714446
+24166714895
+24166715591
+24166715748
+24166715921
+24166716329
+24166717096
+24166717207
+24166718287
+24166718992
+24166719494
+24166719974
+24166720063
+24166720133
+24166720213
+24166720397
+24166720697
+24166720986
+24166721214
+24166721683
+24166721774
+24166722938
+24166723086
+24166723230
+24166723387
+24166723662
+24166723692
+24166723765
+24166724388
+24166724610
+24166724953
+24166725107
+24166725968
+24166728255
+24166728728
+24166729378
+24166729590
+24166729658
+24166729681
+24166730216
+24166730346
+24166730440
+24166731050
+24166731119
+24166732056
+24166732329
+24166733077
+24166734776
+24166734847
+24166734863
+24166735055
+24166738105
+24166739099
+24166739324
+24166739467
+24166739984
+24166740093
+24166740175
+24166740208
+24166740351
+24166740430
+24166741140
+24166741529
+24166742116
+24166743064
+24166743204
+24166743769
+24166743825
+24166743949
+24166743967
+24166744279
+24166744545
+24166744889
+24166745193
+24166745749
+24166745882
+24166746781
+24166747150
+24166747369
+24166747892
+24166748666
+24166749175
+24166749308
+24166750317
+24166750605
+24166750808
+24166750938
+24166752803
+24166752933
+24166753170
+24166753205
+24166753218
+24166753481
+24166753874
+24166754430
+24166755247
+24166755390
+24166756007
+24166756747
+24166757645
+24166758247
+24166758858
+24166758988
+24166759203
+24166759437
+24166759600
+24166760678
+24166761622
+24166762299
+24166762364
+24166762700
+24166762718
+24166763977
+24166763991
+24166764161
+24166764529
+24166765717
+24166765843
+24166765986
+24166766835
+24166767378
+24166767677
+24166767869
+24166768461
+24166769124
+24166769136
+24166769416
+24166770521
+24166770945
+24166770991
+24166771063
+24166771210
+24166771344
+24166772127
+24166772319
+24166772467
+24166772540
+24166772813
+24166772981
+24166773147
+24166774114
+24166774541
+24166774732
+24166776102
+24166776730
+24166777307
+24166777384
+24166777950
+24166778282
+24166778639
+24166778928
+24166778999
+24166779013
+24166779060
+24166779526
+24166779540
+24166779912
+24166779913
+24166781389
+24166781407
+24166781673
+24166781675
+24166781699
+24166781715
+24166781746
+24166782089
+24166783136
+24166783210
+24166783564
+24166783829
+24166784125
+24166784360
+24166784583
+24166784597
+24166785143
+24166785239
+24166785742
+24166786089
+24166786154
+24166786206
+24166786351
+24166786457
+24166787941
+24166787965
+24166787991
+24166788077
+24166788153
+24166788484
+24166788535
+24166788763
+24166788871
+24166788949
+24166789598
+24166789905
+24166790371
+24166790546
+24166791203
+24166791735
+24166791881
+24166792572
+24166792775
+24166792796
+24166793211
+24166793583
+24166794305
+24166794954
+24166795405
+24166795571
+24166795747
+24166795858
+24166796043
+24166796046
+24166796089
+24166796287
+24166796428
+24166798239
+24166798654
+24166798747
+24166798867
+24166799466
+24166799576
+24166799818
+24166800335
+24166800645
+24166800738
+24166800869
+24166801065
+24166801202
+24166801267
+24166801498
+24166801822
+24166802089
+24166802104
+24166802259
+24166802370
+24166802580
+24166802942
+24166803095
+24166803105
+24166803972
+24166804216
+24166804400
+24166804478
+24166804675
+24166805343
+24166805998
+24166806922
+24166806951
+24166807033
+24166807177
+24166807365
+24166807843
+24166807969
+24166808650
+24166809393
+24166809972
+24166810159
+24166810266
+24166810809
+24166810811
+24166810815
+24166810905
+24166811163
+24166811453
+24166811536
+24166812489
+24166812550
+24166812907
+24166813665
+24166813752
+24166813925
+24166813952
+24166814312
+24166814597
+24166814804
+24166814936
+24166815091
+24166815099
+24166815312
+24166815920
+24166815979
+24166816488
+24166817031
+24166817253
+24166817881
+24166818023
+24166818077
+24166818476
+24166818616
+24166818915
+24166818947
+24166819207
+24166819211
+24166820133
+24166820140
+24166820787
+24166820929
+24166821425
+24166821442
+24166821988
+24166822858
+24166824567
+24166824826
+24166825796
+24166826296
+24166827093
+24166827524
+24166827549
+24166827585
+24166827619
+24166827621
+24166828828
+24166828958
+24166829318
+24166829558
+24166830398
+24166831536
+24166831972
+24166832866
+24166833272
+24166833753
+24166834118
+24166834995
+24166835868
+24166836003
+24166836515
+24166836583
+24166836722
+24166836966
+24166836986
+24166837044
+24166837825
+24166838665
+24166839723
+24166840187
+24166840268
+24166840421
+24166840904
+24166840941
+24166841811
+24166841965
+24166842481
+24166842910
+24166843221
+24166843838
+24166843990
+24166844336
+24166844642
+24166844702
+24166844904
+24166845247
+24166845658
+24166845834
+24166847113
+24166847499
+24166848313
+24166848331
+24166848513
+24166848715
+24166850002
+24166850036
+24166850193
+24166850380
+24166850727
+24166852213
+24166852680
+24166852774
+24166853157
+24166853425
+24166853542
+24166853732
+24166854179
+24166854424
+24166854752
+24166855118
+24166855205
+24166856380
+24166856995
+24166857972
+24166857982
+24166858491
+24166858675
+24166858915
+24166859139
+24166859183
+24166861834
+24166862023
+24166862194
+24166863024
+24166863311
+24166864726
+24166864739
+24166864783
+24166865628
+24166865775
+24166866041
+24166866191
+24166866840
+24166867408
+24166867682
+24166867822
+24166867912
+24166867941
+24166868198
+24166868800
+24166869039
+24166869240
+24166869330
+24166869688
+24166870273
+24166871200
+24166871202
+24166872505
+24166872821
+24166873243
+24166873285
+24166873387
+24166873901
+24166874016
+24166874942
+24166875796
+24166876067
+24166876260
+24166876308
+24166876342
+24166876508
+24166878160
+24166878520
+24166878580
+24166878594
+24166879133
+24166879338
+24166879500
+24166881021
+24166881031
+24166881038
+24166882038
+24166882296
+24166882528
+24166882562
+24166883507
+24166883717
+24166884094
+24166884756
+24166885178
+24166885345
+24166885517
+24166885841
+24166885951
+24166886194
+24166886435
+24166887039
+24166888457
+24166889105
+24166889239
+24166889246
+24166889747
+24166889952
+24166890653
+24166891166
+24166891426
+24166891662
+24166891755
+24166891833
+24166892173
+24166893489
+24166893550
+24166894071
+24166894980
+24166895737
+24166895979
+24166896487
+24166896651
+24166896917
+24166897025
+24166897659
+24166897901
+24166898551
+24166898660
+24166899854
+24166900239
+24166900398
+24166900686
+24166901400
+24166901607
+24166902995
+24166903185
+24166903444
+24166903529
+24166904044
+24166904406
+24166904457
+24166905766
+24166906606
+24166907058
+24166907141
+24166907519
+24166907577
+24166907792
+24166908009
+24166908413
+24166908582
+24166909325
+24166909837
+24166910059
+24166910101
+24166910250
+24166910420
+24166911982
+24166912299
+24166912765
+24166912810
+24166912880
+24166913672
+24166913865
+24166914567
+24166914671
+24166915103
+24166915415
+24166915647
+24166915660
+24166916614
+24166916921
+24166916981
+24166917056
+24166917925
+24166918390
+24166918830
+24166919102
+24166920048
+24166920201
+24166920396
+24166920450
+24166920830
+24166920924
+24166921974
+24166922205
+24166922387
+24166922479
+24166923597
+24166923869
+24166926508
+24166926677
+24166928908
+24166929121
+24166929468
+24166929680
+24166929710
+24166930154
+24166930391
+24166930466
+24166931114
+24166931202
+24166931325
+24166931326
+24166932642
+24166933319
+24166933589
+24166933987
+24166934473
+24166934539
+24166934570
+24166935125
+24166935218
+24166935682
+24166935883
+24166936852
+24166937297
+24166937542
+24166937815
+24166938570
+24166938872
+24166938913
+24166939936
+24166940152
+24166940235
+24166941314
+24166941908
+24166942383
+24166942772
+24166943007
+24166943152
+24166943686
+24166944541
+24166945065
+24166945123
+24166945630
+24166945784
+24166946207
+24166946431
+24166946625
+24166946684
+24166947316
+24166947911
+24166948235
+24166948797
+24166948803
+24166948921
+24166949053
+24166949292
+24166949935
+24166950689
+24166950855
+24166950967
+24166951139
+24166951436
+24166951901
+24166952183
+24166952284
+24166952300
+24166952376
+24166952401
+24166952780
+24166953192
+24166953365
+24166954429
+24166955222
+24166956410
+24166956648
+24166957400
+24166957656
+24166957778
+24166957899
+24166958280
+24166958564
+24166958830
+24166959193
+24166959500
+24166959695
+24166960248
+24166960975
+24166961107
+24166961174
+24166961230
+24166961693
+24166961840
+24166962369
+24166962429
+24166962506
+24166962652
+24166962972
+24166963311
+24166963452
+24166963795
+24166963814
+24166963822
+24166964711
+24166965691
+24166966999
+24166968076
+24166968604
+24166969047
+24166969366
+24166969480
+24166969527
+24166969810
+24166970478
+24166970748
+24166970775
+24166971326
+24166971750
+24166972040
+24166972156
+24166972307
+24166973607
+24166973685
+24166973816
+24166974076
+24166974735
+24166974894
+24166975060
+24166975309
+24166975310
+24166975654
+24166976449
+24166976450
+24166976996
+24166977545
+24166977594
+24166977749
+24166978248
+24166978942
+24166978958
+24166979649
+24166980599
+24166981073
+24166981120
+24166981201
+24166981303
+24166981386
+24166981744
+24166981887
+24166982019
+24166982541
+24166982662
+24166982796
+24166983133
+24166983408
+24166983565
+24166984099
+24166984201
+24166984552
+24166984974
+24166985233
+24166986523
+24166986873
+24166986928
+24166988379
+24166988497
+24166988829
+24166989053
+24166989734
+24166990095
+24166990117
+24166990156
+24166990698
+24166990847
+24166991293
+24166991299
+24166992149
+24166992242
+24166992275
+24166992491
+24166992697
+24166992912
+24166993468
+24166993501
+24166996917
+24166997000
+24166997247
+24166997991
+24166998249
+24166998340
+24166999037
+24166999628
+24166999899