+22372417000
+22372417001
+22372417002
+22372417003
+22372417004
+22372417005
+22372417006
+22372417007
+22372417008
+22372417009
+22372417010
+22372417011
+22372417012
+22372417013
+22372417014
+22372417015
+22372417016
+22372417017
+22372417018
+22372417019
+22372417020
+22372417021
+22372417022
+22372417023
+22372417024
+22372417025
+22372417026
+22372417027
+22372417028
+22372417029
+22372417030
+22372417031
+22372417032
+22372417033
+22372417034
+22372417035
+22372417036
+22372417037
+22372417038
+22372417039
+22372417040
+22372417041
+22372417042
+22372417043
+22372417044
+22372417045
+22372417046
+22372417047
+22372417048
+22372417049
+22372417050
+22372417051
+22372417052
+22372417053
+22372417054
+22372417055
+22372417056
+22372417057
+22372417058
+22372417059
+22372417060
+22372417061
+22372417062
+22372417063
+22372417064
+22372417065
+22372417066
+22372417067
+22372417068
+22372417069
+22372417070
+22372417071
+22372417072
+22372417073
+22372417074
+22372417075
+22372417076
+22372417077
+22372417078
+22372417079
+22372417080
+22372417081
+22372417082
+22372417083
+22372417084
+22372417085
+22372417086
+22372417087
+22372417088
+22372417089
+22372417090
+22372417091
+22372417092
+22372417093
+22372417094
+22372417095
+22372417096
+22372417097
+22372417098
+22372417099
+22372417100
+22372417101
+22372417102
+22372417103
+22372417104
+22372417105
+22372417106
+22372417107
+22372417108
+22372417109
+22372417110
+22372417111
+22372417112
+22372417113
+22372417114
+22372417115
+22372417116
+22372417117
+22372417118
+22372417119
+22372417120
+22372417121
+22372417122
+22372417123
+22372417124
+22372417125
+22372417126
+22372417127
+22372417128
+22372417129
+22372417130
+22372417131
+22372417132
+22372417133
+22372417134
+22372417135
+22372417136
+22372417137
+22372417138
+22372417139
+22372417140
+22372417141
+22372417142
+22372417143
+22372417144
+22372417145
+22372417146
+22372417147
+22372417148
+22372417149
+22372417150
+22372417151
+22372417152
+22372417153
+22372417154
+22372417155
+22372417156
+22372417157
+22372417158
+22372417159
+22372417160
+22372417161
+22372417162
+22372417163
+22372417164
+22372417165
+22372417166
+22372417167
+22372417168
+22372417169
+22372417170
+22372417171
+22372417172
+22372417173
+22372417174
+22372417175
+22372417176
+22372417177
+22372417178
+22372417179
+22372417180
+22372417181
+22372417182
+22372417183
+22372417184
+22372417185
+22372417186
+22372417187
+22372417188
+22372417189
+22372417190
+22372417191
+22372417192
+22372417193
+22372417194
+22372417195
+22372417196
+22372417197
+22372417198
+22372417199
+22372417200
+22372417201
+22372417202
+22372417203
+22372417204
+22372417205
+22372417206
+22372417207
+22372417208
+22372417209
+22372417210
+22372417211
+22372417212
+22372417213
+22372417214
+22372417215
+22372417216
+22372417217
+22372417218
+22372417219
+22372417220
+22372417221
+22372417222
+22372417223
+22372417224
+22372417225
+22372417226
+22372417227
+22372417228
+22372417229
+22372417230
+22372417231
+22372417232
+22372417233
+22372417234
+22372417235
+22372417236
+22372417237
+22372417238
+22372417239
+22372417240
+22372417241
+22372417242
+22372417243
+22372417244
+22372417245
+22372417246
+22372417247
+22372417248
+22372417249
+22372417250
+22372417251
+22372417252
+22372417253
+22372417254
+22372417255
+22372417256
+22372417257
+22372417258
+22372417259
+22372417260
+22372417261
+22372417262
+22372417263
+22372417264
+22372417265
+22372417266
+22372417267
+22372417268
+22372417269
+22372417270
+22372417271
+22372417272
+22372417273
+22372417274
+22372417275
+22372417276
+22372417277
+22372417278
+22372417279
+22372417280
+22372417281
+22372417282
+22372417283
+22372417284
+22372417285
+22372417286
+22372417287
+22372417288
+22372417289
+22372417290
+22372417291
+22372417292
+22372417293
+22372417294
+22372417295
+22372417296
+22372417297
+22372417298
+22372417299
+22372417300
+22372417301
+22372417302
+22372417303
+22372417304
+22372417305
+22372417306
+22372417307
+22372417308
+22372417309
+22372417310
+22372417311
+22372417312
+22372417313
+22372417314
+22372417315
+22372417316
+22372417317
+22372417318
+22372417319
+22372417320
+22372417321
+22372417322
+22372417323
+22372417324
+22372417325
+22372417326
+22372417327
+22372417328
+22372417329
+22372417330
+22372417331
+22372417332
+22372417333
+22372417334
+22372417335
+22372417336
+22372417337
+22372417338
+22372417339
+22372417340
+22372417341
+22372417342
+22372417343
+22372417344
+22372417345
+22372417346
+22372417347
+22372417348
+22372417349
+22372417350
+22372417351
+22372417352
+22372417353
+22372417354
+22372417355
+22372417356
+22372417357
+22372417358
+22372417359
+22372417360
+22372417361
+22372417362
+22372417363
+22372417364
+22372417365
+22372417366
+22372417367
+22372417368
+22372417369
+22372417370
+22372417371
+22372417372
+22372417373
+22372417374
+22372417375
+22372417376
+22372417377
+22372417378
+22372417379
+22372417380
+22372417381
+22372417382
+22372417383
+22372417384
+22372417385
+22372417386
+22372417387
+22372417388
+22372417389
+22372417390
+22372417391
+22372417392
+22372417393
+22372417394
+22372417395
+22372417396
+22372417397
+22372417398
+22372417399
+22372417400
+22372417401
+22372417402
+22372417403
+22372417404
+22372417405
+22372417406
+22372417407
+22372417408
+22372417409
+22372417410
+22372417411
+22372417412
+22372417413
+22372417414
+22372417415
+22372417416
+22372417417
+22372417418
+22372417419
+22372417420
+22372417421
+22372417422
+22372417423
+22372417424
+22372417425
+22372417426
+22372417427
+22372417428
+22372417429
+22372417430
+22372417431
+22372417432
+22372417433
+22372417434
+22372417435
+22372417436
+22372417437
+22372417438
+22372417439
+22372417440
+22372417441
+22372417442
+22372417443
+22372417444
+22372417445
+22372417446
+22372417447
+22372417448
+22372417449
+22372417450
+22372417451
+22372417452
+22372417453
+22372417454
+22372417455
+22372417456
+22372417457
+22372417458
+22372417459
+22372417460
+22372417461
+22372417462
+22372417463
+22372417464
+22372417465
+22372417466
+22372417467
+22372417468
+22372417469
+22372417470
+22372417471
+22372417472
+22372417473
+22372417474
+22372417475
+22372417476
+22372417477
+22372417478
+22372417479
+22372417480
+22372417481
+22372417482
+22372417483
+22372417484
+22372417485
+22372417486
+22372417487
+22372417488
+22372417489
+22372417490
+22372417491
+22372417492
+22372417493
+22372417494
+22372417495
+22372417496
+22372417497
+22372417498
+22372417499
+22372417500
+22372417501
+22372417502
+22372417503
+22372417504
+22372417505
+22372417506
+22372417507
+22372417508
+22372417509
+22372417510
+22372417511
+22372417512
+22372417513
+22372417514
+22372417515
+22372417516
+22372417517
+22372417518
+22372417519
+22372417520
+22372417521
+22372417522
+22372417523
+22372417524
+22372417525
+22372417526
+22372417527
+22372417528
+22372417529
+22372417530
+22372417531
+22372417532
+22372417533
+22372417534
+22372417535
+22372417536
+22372417537
+22372417538
+22372417539
+22372417540
+22372417541
+22372417542
+22372417543
+22372417544
+22372417545
+22372417546
+22372417547
+22372417548
+22372417549
+22372417550
+22372417551
+22372417552
+22372417553
+22372417554
+22372417555
+22372417556
+22372417557
+22372417558
+22372417559
+22372417560
+22372417561
+22372417562
+22372417563
+22372417564
+22372417565
+22372417566
+22372417567
+22372417568
+22372417569
+22372417570
+22372417571
+22372417572
+22372417573
+22372417574
+22372417575
+22372417576
+22372417577
+22372417578
+22372417579
+22372417580
+22372417581
+22372417582
+22372417583
+22372417584
+22372417585
+22372417586
+22372417587
+22372417588
+22372417589
+22372417590
+22372417591
+22372417592
+22372417593
+22372417594
+22372417595
+22372417596
+22372417597
+22372417598
+22372417599
+22372417600
+22372417601
+22372417602
+22372417603
+22372417604
+22372417605
+22372417606
+22372417607
+22372417608
+22372417609
+22372417610
+22372417611
+22372417612
+22372417613
+22372417614
+22372417615
+22372417616
+22372417617
+22372417618
+22372417619
+22372417620
+22372417621
+22372417622
+22372417623
+22372417624
+22372417625
+22372417626
+22372417627
+22372417628
+22372417629
+22372417630
+22372417631
+22372417632
+22372417633
+22372417634
+22372417635
+22372417636
+22372417637
+22372417638
+22372417639
+22372417640
+22372417641
+22372417642
+22372417643
+22372417644
+22372417645
+22372417646
+22372417647
+22372417648
+22372417649
+22372417650
+22372417651
+22372417652
+22372417653
+22372417654
+22372417655
+22372417656
+22372417657
+22372417658
+22372417659
+22372417660
+22372417661
+22372417662
+22372417663
+22372417664
+22372417665
+22372417666
+22372417667
+22372417668
+22372417669
+22372417670
+22372417671
+22372417672
+22372417673
+22372417674
+22372417675
+22372417676
+22372417677
+22372417678
+22372417679
+22372417680
+22372417681
+22372417682
+22372417683
+22372417684
+22372417685
+22372417686
+22372417687
+22372417688
+22372417689
+22372417690
+22372417691
+22372417692
+22372417693
+22372417694
+22372417695
+22372417696
+22372417697
+22372417698
+22372417699
+22372417700
+22372417701
+22372417702
+22372417703
+22372417704
+22372417705
+22372417706
+22372417707
+22372417708
+22372417709
+22372417710
+22372417711
+22372417712
+22372417713
+22372417714
+22372417715
+22372417716
+22372417717
+22372417718
+22372417719
+22372417720
+22372417721
+22372417722
+22372417723
+22372417724
+22372417725
+22372417726
+22372417727
+22372417728
+22372417729
+22372417730
+22372417731
+22372417732
+22372417733
+22372417734
+22372417735
+22372417736
+22372417737
+22372417738
+22372417739
+22372417740
+22372417741
+22372417742
+22372417743
+22372417744
+22372417745
+22372417746
+22372417747
+22372417748
+22372417749
+22372417750
+22372417751
+22372417752
+22372417753
+22372417754
+22372417755
+22372417756
+22372417757
+22372417758
+22372417759
+22372417760
+22372417761
+22372417762
+22372417763
+22372417764
+22372417765
+22372417766
+22372417767
+22372417768
+22372417769
+22372417770
+22372417771
+22372417772
+22372417773
+22372417774
+22372417775
+22372417776
+22372417777
+22372417778
+22372417779
+22372417780
+22372417781
+22372417782
+22372417783
+22372417784
+22372417785
+22372417786
+22372417787
+22372417788
+22372417789
+22372417790
+22372417791
+22372417792
+22372417793
+22372417794
+22372417795
+22372417796
+22372417797
+22372417798
+22372417799
+22372417800
+22372417801
+22372417802
+22372417803
+22372417804
+22372417805
+22372417806
+22372417807
+22372417808
+22372417809
+22372417810
+22372417811
+22372417812
+22372417813
+22372417814
+22372417815
+22372417816
+22372417817
+22372417818
+22372417819
+22372417820
+22372417821
+22372417822
+22372417823
+22372417824
+22372417825
+22372417826
+22372417827
+22372417828
+22372417829
+22372417830
+22372417831
+22372417832
+22372417833
+22372417834
+22372417835
+22372417836
+22372417837
+22372417838
+22372417839
+22372417840
+22372417841
+22372417842
+22372417843
+22372417844
+22372417845
+22372417846
+22372417847
+22372417848
+22372417849
+22372417850
+22372417851
+22372417852
+22372417853
+22372417854
+22372417855
+22372417856
+22372417857
+22372417858
+22372417859
+22372417860
+22372417861
+22372417862
+22372417863
+22372417864
+22372417865
+22372417866
+22372417867
+22372417869
+22372417870
+22372417871
+22372417872
+22372417873
+22372417874
+22372417875
+22372417876
+22372417877
+22372417878
+22372417879
+22372417880
+22372417881
+22372417882
+22372417883
+22372417884
+22372417885
+22372417886
+22372417887
+22372417888
+22372417889
+22372417890
+22372417891
+22372417892
+22372417893
+22372417894
+22372417895
+22372417896
+22372417897
+22372417898
+22372417899
+22372417900
+22372417901
+22372417902
+22372417903
+22372417904
+22372417905
+22372417906
+22372417907
+22372417908
+22372417909
+22372417910
+22372417911
+22372417912
+22372417913
+22372417914
+22372417915
+22372417916
+22372417917
+22372417918
+22372417919
+22372417920
+22372417921
+22372417922
+22372417923
+22372417924
+22372417925
+22372417926
+22372417927
+22372417928
+22372417929
+22372417930
+22372417931
+22372417932
+22372417933
+22372417934
+22372417935
+22372417936
+22372417937
+22372417938
+22372417939
+22372417940
+22372417941
+22372417942
+22372417943
+22372417944
+22372417946
+22372417947
+22372417948
+22372417949
+22372417950
+22372417951
+22372417952
+22372417953
+22372417954
+22372417955
+22372417956
+22372417957
+22372417958
+22372417959
+22372417960
+22372417961
+22372417962
+22372417963
+22372417964
+22372417965
+22372417966
+22372417967
+22372417968
+22372417969
+22372417970
+22372417971
+22372417972
+22372417973
+22372417974
+22372417975
+22372417976
+22372417977
+22372417978
+22372417979
+22372417980
+22372417981
+22372417982
+22372417983
+22372417984
+22372417985
+22372417986
+22372417987
+22372417988
+22372417989
+22372417990
+22372417991
+22372417992
+22372417993
+22372417994
+22372417995
+22372417996
+22372417997
+22372417998
+22372417999
+22372898000
+22372898001
+22372898002
+22372898003
+22372898004
+22372898005
+22372898006
+22372898007
+22372898008
+22372898009
+22372898010
+22372898011
+22372898012
+22372898013
+22372898014
+22372898015
+22372898016
+22372898017
+22372898018
+22372898019
+22372898020
+22372898021
+22372898022
+22372898023
+22372898024
+22372898025
+22372898026
+22372898027
+22372898028
+22372898029
+22372898030
+22372898031
+22372898032
+22372898033
+22372898034
+22372898035
+22372898036
+22372898037
+22372898038
+22372898039
+22372898040
+22372898041
+22372898042
+22372898043
+22372898044
+22372898045
+22372898046
+22372898047
+22372898048
+22372898049
+22372898050
+22372898051
+22372898052
+22372898053
+22372898054
+22372898055
+22372898056
+22372898057
+22372898058
+22372898059
+22372898060
+22372898061
+22372898062
+22372898063
+22372898064
+22372898065
+22372898066
+22372898067
+22372898068
+22372898069
+22372898070
+22372898071
+22372898072
+22372898073
+22372898074
+22372898075
+22372898076
+22372898077
+22372898078
+22372898079
+22372898080
+22372898081
+22372898082
+22372898083
+22372898084
+22372898085
+22372898086
+22372898087
+22372898088
+22372898089
+22372898090
+22372898091
+22372898092
+22372898093
+22372898094
+22372898095
+22372898096
+22372898097
+22372898098
+22372898099
+22372898100
+22372898101
+22372898102
+22372898103
+22372898104
+22372898105
+22372898106
+22372898107
+22372898108
+22372898109
+22372898110
+22372898111
+22372898112
+22372898113
+22372898114
+22372898115
+22372898116
+22372898117
+22372898118
+22372898119
+22372898120
+22372898121
+22372898122
+22372898123
+22372898124
+22372898125
+22372898126
+22372898127
+22372898128
+22372898129
+22372898130
+22372898131
+22372898132
+22372898133
+22372898134
+22372898135
+22372898136
+22372898137
+22372898138
+22372898139
+22372898140
+22372898141
+22372898142
+22372898143
+22372898144
+22372898145
+22372898146
+22372898147
+22372898148
+22372898149
+22372898150
+22372898151
+22372898152
+22372898153
+22372898154
+22372898155
+22372898156
+22372898157
+22372898158
+22372898159
+22372898160
+22372898161
+22372898162
+22372898163
+22372898164
+22372898165
+22372898166
+22372898167
+22372898168
+22372898169
+22372898170
+22372898171
+22372898172
+22372898173
+22372898174
+22372898175
+22372898176
+22372898177
+22372898178
+22372898179
+22372898180
+22372898181
+22372898182
+22372898183
+22372898184
+22372898185
+22372898186
+22372898187
+22372898188
+22372898189
+22372898190
+22372898191
+22372898192
+22372898193
+22372898194
+22372898195
+22372898196
+22372898197
+22372898198
+22372898199
+22372898200
+22372898201
+22372898202
+22372898203
+22372898204
+22372898205
+22372898206
+22372898207
+22372898208
+22372898209
+22372898210
+22372898211
+22372898212
+22372898213
+22372898214
+22372898215
+22372898216
+22372898217
+22372898218
+22372898219
+22372898220
+22372898221
+22372898222
+22372898223
+22372898224
+22372898225
+22372898226
+22372898227
+22372898228
+22372898229
+22372898230
+22372898231
+22372898232
+22372898233
+22372898234
+22372898235
+22372898236
+22372898237
+22372898238
+22372898239
+22372898240
+22372898241
+22372898242
+22372898243
+22372898244
+22372898245
+22372898246
+22372898247
+22372898248
+22372898249
+22372898250
+22372898251
+22372898252
+22372898253
+22372898254
+22372898255
+22372898256
+22372898257
+22372898258
+22372898259
+22372898260
+22372898261
+22372898262
+22372898263
+22372898264
+22372898265
+22372898266
+22372898267
+22372898268
+22372898269
+22372898270
+22372898271
+22372898272
+22372898273
+22372898274
+22372898275
+22372898276
+22372898277
+22372898278
+22372898279
+22372898280
+22372898281
+22372898282
+22372898283
+22372898284
+22372898285
+22372898286
+22372898287
+22372898288
+22372898289
+22372898290
+22372898291
+22372898292
+22372898293
+22372898294
+22372898295
+22372898296
+22372898297
+22372898298
+22372898299
+22372898300
+22372898301
+22372898302
+22372898303
+22372898304
+22372898305
+22372898306
+22372898307
+22372898308
+22372898309
+22372898310
+22372898311
+22372898312
+22372898313
+22372898314
+22372898315
+22372898316
+22372898317
+22372898318
+22372898319
+22372898320
+22372898321
+22372898322
+22372898323
+22372898324
+22372898325
+22372898326
+22372898327
+22372898328
+22372898329
+22372898330
+22372898331
+22372898332
+22372898333
+22372898334
+22372898335
+22372898336
+22372898337
+22372898338
+22372898339
+22372898340
+22372898341
+22372898342
+22372898343
+22372898344
+22372898345
+22372898346
+22372898347
+22372898348
+22372898349
+22372898350
+22372898351
+22372898352
+22372898353
+22372898354
+22372898355
+22372898356
+22372898357
+22372898358
+22372898359
+22372898360
+22372898361
+22372898362
+22372898363
+22372898364
+22372898365
+22372898366
+22372898367
+22372898368
+22372898369
+22372898370
+22372898371
+22372898372
+22372898373
+22372898374
+22372898375
+22372898376
+22372898377
+22372898378
+22372898379
+22372898380
+22372898381
+22372898382
+22372898383
+22372898384
+22372898385
+22372898386
+22372898387
+22372898388
+22372898389
+22372898390
+22372898391
+22372898392
+22372898393
+22372898394
+22372898395
+22372898396
+22372898397
+22372898398
+22372898399
+22372898400
+22372898401
+22372898402
+22372898403
+22372898404
+22372898405
+22372898406
+22372898407
+22372898408
+22372898409
+22372898410
+22372898411
+22372898412
+22372898413
+22372898414
+22372898415
+22372898416
+22372898417
+22372898418
+22372898419
+22372898420
+22372898422
+22372898423
+22372898424
+22372898425
+22372898426
+22372898427
+22372898428
+22372898429
+22372898430
+22372898431
+22372898432
+22372898433
+22372898434
+22372898435
+22372898436
+22372898437
+22372898438
+22372898439
+22372898440
+22372898441
+22372898442
+22372898443
+22372898444
+22372898445
+22372898446
+22372898447
+22372898448
+22372898449
+22372898450
+22372898451
+22372898452
+22372898453
+22372898454
+22372898455
+22372898456
+22372898457
+22372898458
+22372898459
+22372898460
+22372898461
+22372898462
+22372898463
+22372898464
+22372898465
+22372898466
+22372898467
+22372898468
+22372898469
+22372898470
+22372898471
+22372898472
+22372898473
+22372898474
+22372898475
+22372898476
+22372898477
+22372898478
+22372898479
+22372898480
+22372898481
+22372898482
+22372898483
+22372898484
+22372898485
+22372898486
+22372898487
+22372898488
+22372898489
+22372898490
+22372898491
+22372898492
+22372898493
+22372898494
+22372898495
+22372898496
+22372898497
+22372898498
+22372898499
+22372898500
+22372898501
+22372898502
+22372898503
+22372898504
+22372898505
+22372898506
+22372898507
+22372898508
+22372898509
+22372898510
+22372898511
+22372898512
+22372898513
+22372898514
+22372898515
+22372898516
+22372898517
+22372898518
+22372898519
+22372898520
+22372898521
+22372898522
+22372898523
+22372898524
+22372898525
+22372898526
+22372898527
+22372898528
+22372898529
+22372898530
+22372898531
+22372898532
+22372898533
+22372898534
+22372898535
+22372898536
+22372898537
+22372898538
+22372898539
+22372898540
+22372898541
+22372898542
+22372898543
+22372898544
+22372898545
+22372898546
+22372898547
+22372898548
+22372898549
+22372898550
+22372898551
+22372898552
+22372898553
+22372898554
+22372898555
+22372898556
+22372898557
+22372898558
+22372898559
+22372898560
+22372898561
+22372898562
+22372898563
+22372898564
+22372898565
+22372898566
+22372898567
+22372898568
+22372898569
+22372898570
+22372898571
+22372898572
+22372898573
+22372898574
+22372898575
+22372898576
+22372898577
+22372898578
+22372898579
+22372898580
+22372898581
+22372898582
+22372898583
+22372898584
+22372898585
+22372898586
+22372898587
+22372898588
+22372898589
+22372898590
+22372898591
+22372898592
+22372898593
+22372898594
+22372898595
+22372898596
+22372898597
+22372898598
+22372898599
+22372898600
+22372898601
+22372898602
+22372898603
+22372898604
+22372898605
+22372898606
+22372898607
+22372898608
+22372898609
+22372898610
+22372898611
+22372898612
+22372898613
+22372898614
+22372898615
+22372898616
+22372898617
+22372898618
+22372898619
+22372898620
+22372898621
+22372898622
+22372898623
+22372898624
+22372898625
+22372898626
+22372898627
+22372898628
+22372898629
+22372898630
+22372898631
+22372898632
+22372898633
+22372898634
+22372898635
+22372898636
+22372898637
+22372898638
+22372898639
+22372898640
+22372898641
+22372898642
+22372898643
+22372898644
+22372898645
+22372898646
+22372898647
+22372898648
+22372898649
+22372898650
+22372898651
+22372898652
+22372898653
+22372898654
+22372898655
+22372898656
+22372898657
+22372898658
+22372898659
+22372898660
+22372898661
+22372898662
+22372898663
+22372898664
+22372898665
+22372898666
+22372898667
+22372898668
+22372898669
+22372898670
+22372898671
+22372898672
+22372898673
+22372898674
+22372898675
+22372898676
+22372898677
+22372898678
+22372898679
+22372898680
+22372898681
+22372898682
+22372898683
+22372898684
+22372898685
+22372898686
+22372898687
+22372898688
+22372898689
+22372898690
+22372898691
+22372898692
+22372898693
+22372898694
+22372898695
+22372898696
+22372898697
+22372898698
+22372898699
+22372898700
+22372898701
+22372898702
+22372898703
+22372898704
+22372898705
+22372898706
+22372898707
+22372898708
+22372898709
+22372898710
+22372898711
+22372898712
+22372898713
+22372898714
+22372898715
+22372898716
+22372898717
+22372898718
+22372898719
+22372898720
+22372898721
+22372898722
+22372898723
+22372898724
+22372898725
+22372898726
+22372898727
+22372898728
+22372898729
+22372898730
+22372898731
+22372898732
+22372898733
+22372898734
+22372898735
+22372898736
+22372898737
+22372898738
+22372898739
+22372898740
+22372898741
+22372898742
+22372898743
+22372898744
+22372898745
+22372898746
+22372898747
+22372898748
+22372898749
+22372898750
+22372898751
+22372898752
+22372898753
+22372898754
+22372898755
+22372898756
+22372898757
+22372898758
+22372898759
+22372898760
+22372898761
+22372898762
+22372898763
+22372898764
+22372898765
+22372898766
+22372898767
+22372898768
+22372898769
+22372898770
+22372898771
+22372898772
+22372898773
+22372898774
+22372898775
+22372898776
+22372898777
+22372898778
+22372898779
+22372898780
+22372898781
+22372898782
+22372898783
+22372898784
+22372898785
+22372898786
+22372898787
+22372898788
+22372898789
+22372898790
+22372898791
+22372898792
+22372898793
+22372898794
+22372898795
+22372898796
+22372898797
+22372898798
+22372898799
+22372898800
+22372898801
+22372898802
+22372898803
+22372898804
+22372898805
+22372898806
+22372898807
+22372898808
+22372898809
+22372898810
+22372898811
+22372898812
+22372898813
+22372898814
+22372898815
+22372898816
+22372898817
+22372898818
+22372898819
+22372898820
+22372898821
+22372898822
+22372898823
+22372898824
+22372898825
+22372898826
+22372898827
+22372898828
+22372898829
+22372898830
+22372898831
+22372898832
+22372898833
+22372898834
+22372898835
+22372898836
+22372898837
+22372898838
+22372898839
+22372898840
+22372898841
+22372898842
+22372898843
+22372898844
+22372898845
+22372898846
+22372898847
+22372898848
+22372898849
+22372898850
+22372898851
+22372898852
+22372898853
+22372898854
+22372898855
+22372898856
+22372898857
+22372898858
+22372898859
+22372898860
+22372898861
+22372898862
+22372898863
+22372898864
+22372898865
+22372898866
+22372898867
+22372898868
+22372898869
+22372898870
+22372898871
+22372898872
+22372898873
+22372898874
+22372898875
+22372898876
+22372898877
+22372898878
+22372898879
+22372898880
+22372898881
+22372898882
+22372898883
+22372898884
+22372898885
+22372898886
+22372898887
+22372898888
+22372898889
+22372898890
+22372898891
+22372898892
+22372898893
+22372898894
+22372898895
+22372898896
+22372898897
+22372898898
+22372898899
+22372898900
+22372898901
+22372898902
+22372898903
+22372898904
+22372898905
+22372898906
+22372898907
+22372898908
+22372898909
+22372898910
+22372898911
+22372898912
+22372898913
+22372898914
+22372898915
+22372898916
+22372898917
+22372898918
+22372898919
+22372898920
+22372898921
+22372898922
+22372898923
+22372898924
+22372898925
+22372898926
+22372898927
+22372898928
+22372898929
+22372898930
+22372898931
+22372898932
+22372898933
+22372898934
+22372898935
+22372898936
+22372898937
+22372898938
+22372898939
+22372898940
+22372898941
+22372898942
+22372898943
+22372898944
+22372898945
+22372898946
+22372898947
+22372898948
+22372898949
+22372898950
+22372898951
+22372898952
+22372898953
+22372898954
+22372898955
+22372898956
+22372898957
+22372898958
+22372898959
+22372898960
+22372898961
+22372898962
+22372898963
+22372898964
+22372898965
+22372898966
+22372898967
+22372898968
+22372898969
+22372898970
+22372898971
+22372898972
+22372898973
+22372898974
+22372898975
+22372898976
+22372898977
+22372898978
+22372898979
+22372898980
+22372898981
+22372898982
+22372898983
+22372898984
+22372898985
+22372898986
+22372898987
+22372898988
+22372898989
+22372898990
+22372898991
+22372898992
+22372898993
+22372898994
+22372898995
+22372898996
+22372898997
+22372898998
+22372898999
+22373076000
+22373076001
+22373076002
+22373076003
+22373076004
+22373076005
+22373076006
+22373076007
+22373076008
+22373076009
+22373076010
+22373076011
+22373076012
+22373076013
+22373076014
+22373076015
+22373076016
+22373076017
+22373076018
+22373076019
+22373076020
+22373076021
+22373076022
+22373076023
+22373076024
+22373076025
+22373076026
+22373076027
+22373076028
+22373076029
+22373076030
+22373076031
+22373076032
+22373076033
+22373076034
+22373076035
+22373076036
+22373076037
+22373076038
+22373076039
+22373076040
+22373076041
+22373076042
+22373076043
+22373076044
+22373076045
+22373076046
+22373076047
+22373076048
+22373076049
+22373076050
+22373076051
+22373076052
+22373076053
+22373076054
+22373076055
+22373076056
+22373076057
+22373076058
+22373076059
+22373076060
+22373076061
+22373076062
+22373076063
+22373076064
+22373076065
+22373076066
+22373076067
+22373076068
+22373076069
+22373076070
+22373076071
+22373076072
+22373076073
+22373076074
+22373076075
+22373076076
+22373076077
+22373076078
+22373076079
+22373076080
+22373076081
+22373076082
+22373076083
+22373076084
+22373076085
+22373076086
+22373076087
+22373076088
+22373076089
+22373076090
+22373076091
+22373076092
+22373076093
+22373076094
+22373076095
+22373076096
+22373076097
+22373076098
+22373076099
+22373076100
+22373076101
+22373076102
+22373076103
+22373076104
+22373076105
+22373076106
+22373076107
+22373076108
+22373076109
+22373076110
+22373076111
+22373076112
+22373076113
+22373076114
+22373076115
+22373076116
+22373076117
+22373076118
+22373076119
+22373076120
+22373076121
+22373076122
+22373076123
+22373076124
+22373076125
+22373076126
+22373076127
+22373076128
+22373076129
+22373076130
+22373076131
+22373076132
+22373076133
+22373076134
+22373076135
+22373076136
+22373076137
+22373076138
+22373076139
+22373076140
+22373076141
+22373076142
+22373076143
+22373076144
+22373076145
+22373076146
+22373076147
+22373076148
+22373076149
+22373076150
+22373076151
+22373076153
+22373076154
+22373076155
+22373076156
+22373076157
+22373076158
+22373076159
+22373076160
+22373076161
+22373076162
+22373076163
+22373076164
+22373076165
+22373076166
+22373076167
+22373076168
+22373076169
+22373076170
+22373076171
+22373076172
+22373076173
+22373076174
+22373076175
+22373076176
+22373076177
+22373076178
+22373076179
+22373076180
+22373076181
+22373076182
+22373076183
+22373076184
+22373076185
+22373076186
+22373076187
+22373076188
+22373076189
+22373076190
+22373076191
+22373076192
+22373076193
+22373076194
+22373076195
+22373076196
+22373076197
+22373076198
+22373076199
+22373076200
+22373076201
+22373076202
+22373076203
+22373076204
+22373076205
+22373076206
+22373076207
+22373076208
+22373076209
+22373076210
+22373076211
+22373076212
+22373076213
+22373076214
+22373076215
+22373076216
+22373076217
+22373076218
+22373076219
+22373076220
+22373076221
+22373076222
+22373076223
+22373076224
+22373076225
+22373076226
+22373076227
+22373076228
+22373076229
+22373076230
+22373076231
+22373076232
+22373076233
+22373076234
+22373076235
+22373076236
+22373076237
+22373076238
+22373076239
+22373076240
+22373076241
+22373076242
+22373076243
+22373076244
+22373076245
+22373076246
+22373076247
+22373076248
+22373076249
+22373076250
+22373076251
+22373076252
+22373076253
+22373076254
+22373076255
+22373076256
+22373076257
+22373076258
+22373076259
+22373076260
+22373076261
+22373076262
+22373076263
+22373076264
+22373076265
+22373076266
+22373076267
+22373076268
+22373076269
+22373076270
+22373076271
+22373076272
+22373076273
+22373076274
+22373076275
+22373076276
+22373076277
+22373076278
+22373076279
+22373076280
+22373076281
+22373076282
+22373076283
+22373076284
+22373076285
+22373076286
+22373076287
+22373076288
+22373076289
+22373076290
+22373076291
+22373076292
+22373076293
+22373076294
+22373076295
+22373076296
+22373076297
+22373076298
+22373076299
+22373076300
+22373076301
+22373076302
+22373076303
+22373076304
+22373076305
+22373076306
+22373076307
+22373076308
+22373076309
+22373076310
+22373076311
+22373076312
+22373076313
+22373076314
+22373076315
+22373076316
+22373076317
+22373076318
+22373076319
+22373076320
+22373076321
+22373076322
+22373076323
+22373076324
+22373076325
+22373076326
+22373076327
+22373076328
+22373076329
+22373076330
+22373076331
+22373076332
+22373076333
+22373076334
+22373076335
+22373076336
+22373076337
+22373076338
+22373076339
+22373076340
+22373076341
+22373076342
+22373076343
+22373076344
+22373076345
+22373076346
+22373076347
+22373076348
+22373076349
+22373076350
+22373076351
+22373076352
+22373076353
+22373076354
+22373076355
+22373076356
+22373076357
+22373076358
+22373076359
+22373076360
+22373076361
+22373076362
+22373076363
+22373076364
+22373076365
+22373076366
+22373076367
+22373076368
+22373076369
+22373076370
+22373076371
+22373076372
+22373076373
+22373076374
+22373076375
+22373076376
+22373076377
+22373076378
+22373076379
+22373076380
+22373076381
+22373076382
+22373076383
+22373076384
+22373076385
+22373076386
+22373076387
+22373076388
+22373076389
+22373076390
+22373076391
+22373076392
+22373076393
+22373076394
+22373076395
+22373076396
+22373076397
+22373076398
+22373076399
+22373076400
+22373076401
+22373076402
+22373076403
+22373076404
+22373076405
+22373076406
+22373076407
+22373076408
+22373076409
+22373076410
+22373076411
+22373076412
+22373076413
+22373076414
+22373076415
+22373076416
+22373076417
+22373076418
+22373076419
+22373076420
+22373076421
+22373076422
+22373076423
+22373076424
+22373076425
+22373076426
+22373076427
+22373076428
+22373076429
+22373076430
+22373076431
+22373076432
+22373076433
+22373076434
+22373076435
+22373076436
+22373076437
+22373076438
+22373076439
+22373076440
+22373076441
+22373076442
+22373076443
+22373076444
+22373076445
+22373076446
+22373076447
+22373076448
+22373076449
+22373076450
+22373076451
+22373076452
+22373076453
+22373076454
+22373076455
+22373076456
+22373076457
+22373076458
+22373076459
+22373076460
+22373076461
+22373076462
+22373076463
+22373076464
+22373076465
+22373076466
+22373076467
+22373076468
+22373076469
+22373076470
+22373076471
+22373076472
+22373076473
+22373076474
+22373076475
+22373076476
+22373076477
+22373076478
+22373076479
+22373076480
+22373076481
+22373076482
+22373076483
+22373076484
+22373076485
+22373076486
+22373076487
+22373076488
+22373076489
+22373076490
+22373076491
+22373076492
+22373076493
+22373076494
+22373076495
+22373076496
+22373076497
+22373076498
+22373076499
+22373076500
+22373076501
+22373076502
+22373076503
+22373076504
+22373076505
+22373076506
+22373076507
+22373076508
+22373076509
+22373076510
+22373076511
+22373076512
+22373076513
+22373076514
+22373076515
+22373076516
+22373076517
+22373076518
+22373076519
+22373076520
+22373076521
+22373076522
+22373076523
+22373076524
+22373076525
+22373076526
+22373076527
+22373076528
+22373076529
+22373076530
+22373076531
+22373076532
+22373076533
+22373076534
+22373076535
+22373076536
+22373076537
+22373076538
+22373076539
+22373076540
+22373076541
+22373076542
+22373076543
+22373076544
+22373076545
+22373076546
+22373076547
+22373076548
+22373076549
+22373076550
+22373076551
+22373076552
+22373076553
+22373076554
+22373076555
+22373076556
+22373076557
+22373076558
+22373076559
+22373076560
+22373076561
+22373076562
+22373076563
+22373076564
+22373076565
+22373076566
+22373076567
+22373076568
+22373076569
+22373076570
+22373076571
+22373076572
+22373076573
+22373076574
+22373076575
+22373076576
+22373076577
+22373076578
+22373076579
+22373076580
+22373076581
+22373076582
+22373076583
+22373076584
+22373076585
+22373076586
+22373076587
+22373076588
+22373076589
+22373076590
+22373076591
+22373076592
+22373076593
+22373076594
+22373076595
+22373076596
+22373076597
+22373076598
+22373076599
+22373076600
+22373076601
+22373076602
+22373076603
+22373076604
+22373076605
+22373076606
+22373076607
+22373076608
+22373076609
+22373076610
+22373076611
+22373076612
+22373076613
+22373076614
+22373076615
+22373076616
+22373076617
+22373076618
+22373076619
+22373076620
+22373076621
+22373076622
+22373076623
+22373076624
+22373076625
+22373076626
+22373076627
+22373076628
+22373076629
+22373076630
+22373076631
+22373076632
+22373076633
+22373076634
+22373076635
+22373076636
+22373076637
+22373076638
+22373076639
+22373076640
+22373076641
+22373076642
+22373076643
+22373076644
+22373076645
+22373076646
+22373076647
+22373076648
+22373076649
+22373076650
+22373076651
+22373076652
+22373076653
+22373076654
+22373076655
+22373076656
+22373076657
+22373076658
+22373076659
+22373076660
+22373076661
+22373076662
+22373076663
+22373076664
+22373076665
+22373076666
+22373076667
+22373076668
+22373076669
+22373076670
+22373076671
+22373076672
+22373076673
+22373076674
+22373076675
+22373076676
+22373076677
+22373076678
+22373076679
+22373076680
+22373076681
+22373076682
+22373076683
+22373076684
+22373076685
+22373076686
+22373076687
+22373076688
+22373076689
+22373076690
+22373076691
+22373076692
+22373076693
+22373076694
+22373076695
+22373076696
+22373076697
+22373076698
+22373076699
+22373076700
+22373076701
+22373076702
+22373076703
+22373076704
+22373076705
+22373076706
+22373076707
+22373076708
+22373076709
+22373076710
+22373076711
+22373076712
+22373076713
+22373076714
+22373076715
+22373076716
+22373076717
+22373076718
+22373076719
+22373076720
+22373076721
+22373076722
+22373076723
+22373076724
+22373076725
+22373076726
+22373076727
+22373076728
+22373076729
+22373076730
+22373076731
+22373076732
+22373076733
+22373076734
+22373076735
+22373076736
+22373076737
+22373076738
+22373076739
+22373076740
+22373076741
+22373076742
+22373076743
+22373076744
+22373076745
+22373076746
+22373076747
+22373076748
+22373076749
+22373076750
+22373076751
+22373076752
+22373076753
+22373076754
+22373076755
+22373076756
+22373076757
+22373076758
+22373076759
+22373076760
+22373076761
+22373076762
+22373076763
+22373076764
+22373076765
+22373076766
+22373076767
+22373076768
+22373076769
+22373076770
+22373076771
+22373076772
+22373076773
+22373076774
+22373076775
+22373076776
+22373076777
+22373076778
+22373076779
+22373076780
+22373076781
+22373076782
+22373076783
+22373076784
+22373076785
+22373076786
+22373076787
+22373076788
+22373076789
+22373076790
+22373076791
+22373076792
+22373076793
+22373076794
+22373076795
+22373076796
+22373076797
+22373076798
+22373076799
+22373076800
+22373076801
+22373076802
+22373076803
+22373076804
+22373076805
+22373076806
+22373076807
+22373076808
+22373076809
+22373076810
+22373076811
+22373076812
+22373076813
+22373076814
+22373076815
+22373076816
+22373076817
+22373076818
+22373076819
+22373076820
+22373076821
+22373076822
+22373076823
+22373076824
+22373076825
+22373076826
+22373076827
+22373076828
+22373076829
+22373076830
+22373076831
+22373076832
+22373076833
+22373076834
+22373076835
+22373076836
+22373076837
+22373076838
+22373076839
+22373076840
+22373076841
+22373076842
+22373076843
+22373076844
+22373076845
+22373076846
+22373076847
+22373076848
+22373076849
+22373076850
+22373076851
+22373076852
+22373076853
+22373076854
+22373076855
+22373076856
+22373076857
+22373076858
+22373076859
+22373076860
+22373076862
+22373076863
+22373076864
+22373076865
+22373076866
+22373076867
+22373076868
+22373076869
+22373076870
+22373076871
+22373076872
+22373076873
+22373076874
+22373076875
+22373076876
+22373076877
+22373076878
+22373076879
+22373076880
+22373076881
+22373076882
+22373076883
+22373076884
+22373076885
+22373076886
+22373076887
+22373076888
+22373076889
+22373076890
+22373076891
+22373076892
+22373076893
+22373076894
+22373076895
+22373076896
+22373076897
+22373076898
+22373076899
+22373076900
+22373076901
+22373076902
+22373076903
+22373076904
+22373076905
+22373076906
+22373076907
+22373076908
+22373076909
+22373076910
+22373076911
+22373076912
+22373076913
+22373076914
+22373076915
+22373076916
+22373076917
+22373076918
+22373076919
+22373076920
+22373076921
+22373076922
+22373076923
+22373076924
+22373076925
+22373076926
+22373076927
+22373076928
+22373076929
+22373076930
+22373076931
+22373076932
+22373076933
+22373076934
+22373076935
+22373076936
+22373076937
+22373076938
+22373076939
+22373076940
+22373076941
+22373076942
+22373076943
+22373076944
+22373076945
+22373076946
+22373076947
+22373076948
+22373076949
+22373076950
+22373076951
+22373076952
+22373076953
+22373076954
+22373076955
+22373076956
+22373076957
+22373076958
+22373076959
+22373076960
+22373076961
+22373076962
+22373076963
+22373076964
+22373076965
+22373076966
+22373076967
+22373076968
+22373076969
+22373076970
+22373076971
+22373076972
+22373076973
+22373076974
+22373076975
+22373076976
+22373076977
+22373076978
+22373076979
+22373076980
+22373076981
+22373076982
+22373076983
+22373076984
+22373076985
+22373076986
+22373076987
+22373076988
+22373076989
+22373076990
+22373076991
+22373076992
+22373076993
+22373076994
+22373076995
+22373076996
+22373076997
+22373076998
+22373076999
+22373448000
+22373448001
+22373448002
+22373448003
+22373448004
+22373448005
+22373448006
+22373448007
+22373448008
+22373448009
+22373448010
+22373448011
+22373448012
+22373448013
+22373448014
+22373448015
+22373448016
+22373448017
+22373448018
+22373448019
+22373448020
+22373448021
+22373448022
+22373448023
+22373448024
+22373448025
+22373448026
+22373448027
+22373448028
+22373448029
+22373448030
+22373448031
+22373448032
+22373448033
+22373448034
+22373448035
+22373448036
+22373448037
+22373448038
+22373448039
+22373448040
+22373448041
+22373448042
+22373448043
+22373448044
+22373448045
+22373448046
+22373448047
+22373448048
+22373448049
+22373448050
+22373448051
+22373448052
+22373448053
+22373448054
+22373448055
+22373448056
+22373448057
+22373448058
+22373448059
+22373448060
+22373448061
+22373448062
+22373448063
+22373448064
+22373448065
+22373448066
+22373448067
+22373448068
+22373448069
+22373448070
+22373448071
+22373448072
+22373448073
+22373448074
+22373448075
+22373448076
+22373448077
+22373448078
+22373448079
+22373448080
+22373448081
+22373448082
+22373448083
+22373448084
+22373448085
+22373448086
+22373448087
+22373448088
+22373448089
+22373448090
+22373448091
+22373448092
+22373448093
+22373448094
+22373448095
+22373448096
+22373448097
+22373448098
+22373448099
+22373448100
+22373448101
+22373448102
+22373448103
+22373448104
+22373448105
+22373448106
+22373448107
+22373448108
+22373448109
+22373448110
+22373448111
+22373448112
+22373448113
+22373448114
+22373448115
+22373448116
+22373448117
+22373448118
+22373448119
+22373448120
+22373448121
+22373448122
+22373448123
+22373448124
+22373448125
+22373448126
+22373448127
+22373448128
+22373448129
+22373448130
+22373448131
+22373448132
+22373448133
+22373448134
+22373448135
+22373448136
+22373448137
+22373448138
+22373448139
+22373448140
+22373448141
+22373448142
+22373448143
+22373448144
+22373448145
+22373448146
+22373448147
+22373448148
+22373448149
+22373448150
+22373448151
+22373448152
+22373448153
+22373448154
+22373448155
+22373448156
+22373448157
+22373448158
+22373448159
+22373448160
+22373448161
+22373448162
+22373448163
+22373448164
+22373448165
+22373448166
+22373448167
+22373448168
+22373448169
+22373448170
+22373448171
+22373448172
+22373448173
+22373448174
+22373448175
+22373448176
+22373448177
+22373448178
+22373448179
+22373448180
+22373448181
+22373448182
+22373448183
+22373448184
+22373448185
+22373448186
+22373448187
+22373448188
+22373448189
+22373448190
+22373448191
+22373448192
+22373448193
+22373448194
+22373448195
+22373448196
+22373448197
+22373448198
+22373448199
+22373448200
+22373448201
+22373448202
+22373448203
+22373448204
+22373448205
+22373448206
+22373448207
+22373448208
+22373448209
+22373448210
+22373448211
+22373448212
+22373448213
+22373448214
+22373448215
+22373448216
+22373448217
+22373448218
+22373448219
+22373448220
+22373448221
+22373448222
+22373448223
+22373448224
+22373448225
+22373448226
+22373448227
+22373448228
+22373448229
+22373448230
+22373448231
+22373448232
+22373448233
+22373448234
+22373448235
+22373448236
+22373448237
+22373448238
+22373448239
+22373448240
+22373448241
+22373448242
+22373448243
+22373448244
+22373448245
+22373448246
+22373448247
+22373448248
+22373448249
+22373448250
+22373448251
+22373448252
+22373448253
+22373448254
+22373448255
+22373448256
+22373448257
+22373448258
+22373448259
+22373448260
+22373448261
+22373448262
+22373448263
+22373448264
+22373448265
+22373448266
+22373448267
+22373448268
+22373448269
+22373448270
+22373448271
+22373448272
+22373448273
+22373448274
+22373448275
+22373448276
+22373448277
+22373448278
+22373448279
+22373448280
+22373448281
+22373448282
+22373448283
+22373448284
+22373448285
+22373448286
+22373448287
+22373448288
+22373448289
+22373448290
+22373448291
+22373448292
+22373448293
+22373448294
+22373448295
+22373448296
+22373448297
+22373448298
+22373448299
+22373448300
+22373448301
+22373448302
+22373448303
+22373448304
+22373448305
+22373448306
+22373448307
+22373448308
+22373448309
+22373448310
+22373448311
+22373448312
+22373448313
+22373448314
+22373448315
+22373448316
+22373448317
+22373448318
+22373448319
+22373448320
+22373448321
+22373448322
+22373448323
+22373448324
+22373448325
+22373448326
+22373448327
+22373448328
+22373448329
+22373448330
+22373448331
+22373448332
+22373448333
+22373448334
+22373448335
+22373448336
+22373448337
+22373448338
+22373448339
+22373448340
+22373448341
+22373448342
+22373448343
+22373448344
+22373448345
+22373448346
+22373448347
+22373448348
+22373448349
+22373448350
+22373448351
+22373448352
+22373448353
+22373448354
+22373448355
+22373448356
+22373448357
+22373448358
+22373448359
+22373448360
+22373448361
+22373448362
+22373448363
+22373448364
+22373448365
+22373448366
+22373448367
+22373448368
+22373448369
+22373448370
+22373448371
+22373448372
+22373448373
+22373448374
+22373448375
+22373448376
+22373448377
+22373448378
+22373448379
+22373448380
+22373448381
+22373448382
+22373448383
+22373448384
+22373448385
+22373448386
+22373448387
+22373448388
+22373448389
+22373448390
+22373448391
+22373448392
+22373448393
+22373448394
+22373448395
+22373448396
+22373448397
+22373448398
+22373448399
+22373448400
+22373448401
+22373448402
+22373448403
+22373448404
+22373448405
+22373448406
+22373448407
+22373448408
+22373448409
+22373448410
+22373448411
+22373448412
+22373448413
+22373448414
+22373448415
+22373448416
+22373448417
+22373448418
+22373448419
+22373448420
+22373448421
+22373448422
+22373448423
+22373448424
+22373448425
+22373448426
+22373448427
+22373448428
+22373448429
+22373448430
+22373448431
+22373448432
+22373448433
+22373448434
+22373448435
+22373448436
+22373448437
+22373448438
+22373448439
+22373448440
+22373448441
+22373448442
+22373448443
+22373448444
+22373448445
+22373448446
+22373448447
+22373448448
+22373448449
+22373448450
+22373448451
+22373448452
+22373448453
+22373448454
+22373448455
+22373448456
+22373448457
+22373448458
+22373448459
+22373448460
+22373448461
+22373448462
+22373448463
+22373448464
+22373448465
+22373448466
+22373448467
+22373448468
+22373448469
+22373448470
+22373448471
+22373448472
+22373448473
+22373448474
+22373448475
+22373448476
+22373448477
+22373448478
+22373448479
+22373448480
+22373448481
+22373448482
+22373448483
+22373448484
+22373448485
+22373448486
+22373448487
+22373448488
+22373448489
+22373448490
+22373448491
+22373448492
+22373448493
+22373448494
+22373448495
+22373448496
+22373448497
+22373448498
+22373448499
+22373448500
+22373448501
+22373448502
+22373448503
+22373448504
+22373448505
+22373448506
+22373448507
+22373448508
+22373448509
+22373448510
+22373448511
+22373448512
+22373448513
+22373448514
+22373448515
+22373448516
+22373448517
+22373448518
+22373448519
+22373448520
+22373448521
+22373448522
+22373448523
+22373448524
+22373448525
+22373448526
+22373448527
+22373448528
+22373448529
+22373448530
+22373448531
+22373448532
+22373448533
+22373448534
+22373448535
+22373448536
+22373448537
+22373448538
+22373448539
+22373448540
+22373448541
+22373448542
+22373448543
+22373448544
+22373448545
+22373448546
+22373448547
+22373448548
+22373448549
+22373448550
+22373448551
+22373448552
+22373448553
+22373448554
+22373448555
+22373448556
+22373448557
+22373448558
+22373448559
+22373448560
+22373448561
+22373448562
+22373448563
+22373448564
+22373448565
+22373448566
+22373448567
+22373448568
+22373448569
+22373448570
+22373448571
+22373448572
+22373448573
+22373448574
+22373448575
+22373448576
+22373448577
+22373448578
+22373448579
+22373448580
+22373448581
+22373448582
+22373448583
+22373448584
+22373448585
+22373448586
+22373448587
+22373448588
+22373448589
+22373448590
+22373448591
+22373448592
+22373448593
+22373448594
+22373448595
+22373448596
+22373448597
+22373448598
+22373448599
+22373448600
+22373448601
+22373448602
+22373448603
+22373448604
+22373448605
+22373448606
+22373448607
+22373448608
+22373448609
+22373448610
+22373448611
+22373448612
+22373448613
+22373448614
+22373448615
+22373448616
+22373448617
+22373448618
+22373448619
+22373448620
+22373448621
+22373448622
+22373448623
+22373448624
+22373448625
+22373448626
+22373448627
+22373448628
+22373448629
+22373448630
+22373448631
+22373448632
+22373448633
+22373448634
+22373448635
+22373448636
+22373448637
+22373448638
+22373448639
+22373448640
+22373448641
+22373448642
+22373448643
+22373448644
+22373448645
+22373448646
+22373448647
+22373448648
+22373448649
+22373448650
+22373448651
+22373448652
+22373448653
+22373448654
+22373448655
+22373448656
+22373448657
+22373448658
+22373448659
+22373448660
+22373448661
+22373448662
+22373448663
+22373448664
+22373448665
+22373448666
+22373448667
+22373448668
+22373448669
+22373448670
+22373448671
+22373448672
+22373448673
+22373448674
+22373448675
+22373448676
+22373448677
+22373448678
+22373448679
+22373448680
+22373448681
+22373448682
+22373448683
+22373448684
+22373448685
+22373448686
+22373448687
+22373448688
+22373448689
+22373448690
+22373448691
+22373448692
+22373448693
+22373448694
+22373448695
+22373448696
+22373448697
+22373448698
+22373448699
+22373448700
+22373448701
+22373448702
+22373448703
+22373448704
+22373448705
+22373448706
+22373448707
+22373448708
+22373448709
+22373448710
+22373448711
+22373448712
+22373448713
+22373448714
+22373448715
+22373448716
+22373448717
+22373448718
+22373448719
+22373448720
+22373448721
+22373448722
+22373448723
+22373448724
+22373448725
+22373448726
+22373448727
+22373448728
+22373448729
+22373448730
+22373448731
+22373448732
+22373448733
+22373448734
+22373448735
+22373448736
+22373448737
+22373448738
+22373448739
+22373448740
+22373448741
+22373448742
+22373448743
+22373448744
+22373448745
+22373448746
+22373448747
+22373448748
+22373448749
+22373448750
+22373448751
+22373448752
+22373448753
+22373448754
+22373448755
+22373448756
+22373448757
+22373448758
+22373448759
+22373448760
+22373448761
+22373448762
+22373448763
+22373448764
+22373448765
+22373448766
+22373448767
+22373448768
+22373448769
+22373448770
+22373448771
+22373448772
+22373448773
+22373448774
+22373448775
+22373448776
+22373448777
+22373448778
+22373448779
+22373448780
+22373448781
+22373448782
+22373448783
+22373448784
+22373448785
+22373448786
+22373448787
+22373448788
+22373448789
+22373448790
+22373448791
+22373448792
+22373448793
+22373448794
+22373448795
+22373448796
+22373448797
+22373448798
+22373448799
+22373448800
+22373448801
+22373448802
+22373448803
+22373448804
+22373448805
+22373448806
+22373448807
+22373448808
+22373448809
+22373448810
+22373448811
+22373448812
+22373448813
+22373448814
+22373448815
+22373448816
+22373448817
+22373448818
+22373448819
+22373448820
+22373448821
+22373448822
+22373448823
+22373448824
+22373448825
+22373448826
+22373448827
+22373448828
+22373448829
+22373448830
+22373448831
+22373448832
+22373448833
+22373448834
+22373448835
+22373448836
+22373448837
+22373448838
+22373448839
+22373448840
+22373448841
+22373448842
+22373448843
+22373448844
+22373448845
+22373448846
+22373448847
+22373448848
+22373448849
+22373448850
+22373448851
+22373448852
+22373448853
+22373448854
+22373448855
+22373448856
+22373448857
+22373448858
+22373448859
+22373448860
+22373448861
+22373448862
+22373448863
+22373448864
+22373448865
+22373448866
+22373448867
+22373448868
+22373448869
+22373448870
+22373448871
+22373448872
+22373448873
+22373448874
+22373448875
+22373448876
+22373448877
+22373448878
+22373448879
+22373448880
+22373448881
+22373448882
+22373448883
+22373448884
+22373448885
+22373448886
+22373448887
+22373448888
+22373448889
+22373448890
+22373448891
+22373448892
+22373448893
+22373448894
+22373448895
+22373448896
+22373448897
+22373448898
+22373448899
+22373448900
+22373448901
+22373448902
+22373448903
+22373448904
+22373448905
+22373448906
+22373448907
+22373448908
+22373448909
+22373448910
+22373448911
+22373448912
+22373448913
+22373448914
+22373448915
+22373448916
+22373448917
+22373448918
+22373448919
+22373448920
+22373448921
+22373448922
+22373448923
+22373448924
+22373448925
+22373448926
+22373448927
+22373448928
+22373448929
+22373448930
+22373448931
+22373448932
+22373448933
+22373448934
+22373448935
+22373448936
+22373448937
+22373448938
+22373448939
+22373448940
+22373448941
+22373448943
+22373448944
+22373448945
+22373448946
+22373448947
+22373448948
+22373448949
+22373448950
+22373448951
+22373448952
+22373448953
+22373448954
+22373448955
+22373448956
+22373448957
+22373448958
+22373448959
+22373448960
+22373448961
+22373448962
+22373448963
+22373448964
+22373448965
+22373448966
+22373448967
+22373448968
+22373448969
+22373448970
+22373448971
+22373448972
+22373448973
+22373448974
+22373448975
+22373448976
+22373448977
+22373448978
+22373448979
+22373448980
+22373448981
+22373448982
+22373448983
+22373448984
+22373448985
+22373448986
+22373448987
+22373448988
+22373448989
+22373448990
+22373448991
+22373448992
+22373448993
+22373448994
+22373448995
+22373448996
+22373448997
+22373448998
+22373448999
+22374807000
+22374807001
+22374807002
+22374807003
+22374807004
+22374807005
+22374807006
+22374807007
+22374807008
+22374807009
+22374807010
+22374807011
+22374807012
+22374807013
+22374807014
+22374807015
+22374807016
+22374807017
+22374807018
+22374807019
+22374807020
+22374807021
+22374807022
+22374807023
+22374807024
+22374807025
+22374807026
+22374807027
+22374807028
+22374807029
+22374807030
+22374807031
+22374807032
+22374807033
+22374807034
+22374807035
+22374807036
+22374807037
+22374807038
+22374807039
+22374807040
+22374807041
+22374807042
+22374807043
+22374807044
+22374807045
+22374807046
+22374807047
+22374807048
+22374807049
+22374807050
+22374807051
+22374807052
+22374807053
+22374807054
+22374807055
+22374807056
+22374807057
+22374807058
+22374807059
+22374807060
+22374807061
+22374807062
+22374807063
+22374807064
+22374807065
+22374807066
+22374807067
+22374807068
+22374807069
+22374807070
+22374807071
+22374807072
+22374807073
+22374807074
+22374807075
+22374807076
+22374807077
+22374807078
+22374807079
+22374807080
+22374807081
+22374807082
+22374807083
+22374807084
+22374807085
+22374807086
+22374807087
+22374807088
+22374807089
+22374807090
+22374807091
+22374807092
+22374807093
+22374807094
+22374807095
+22374807096
+22374807097
+22374807098
+22374807099
+22374807100
+22374807101
+22374807102
+22374807103
+22374807104
+22374807105
+22374807106
+22374807107
+22374807108
+22374807109
+22374807110
+22374807111
+22374807112
+22374807113
+22374807114
+22374807115
+22374807116
+22374807117
+22374807118
+22374807119
+22374807120
+22374807121
+22374807122
+22374807123
+22374807124
+22374807125
+22374807126
+22374807127
+22374807128
+22374807129
+22374807130
+22374807131
+22374807132
+22374807133
+22374807134
+22374807135
+22374807136
+22374807137
+22374807138
+22374807139
+22374807140
+22374807141
+22374807142
+22374807143
+22374807144
+22374807145
+22374807146
+22374807147
+22374807148
+22374807149
+22374807150
+22374807151
+22374807152
+22374807153
+22374807154
+22374807155
+22374807156
+22374807157
+22374807158
+22374807159
+22374807160
+22374807161
+22374807162
+22374807163
+22374807164
+22374807165
+22374807166
+22374807167
+22374807168
+22374807169
+22374807170
+22374807171
+22374807172
+22374807173
+22374807174
+22374807175
+22374807176
+22374807177
+22374807178
+22374807179
+22374807180
+22374807181
+22374807182
+22374807183
+22374807184
+22374807185
+22374807186
+22374807187
+22374807188
+22374807189
+22374807190
+22374807191
+22374807192
+22374807193
+22374807194
+22374807195
+22374807196
+22374807197
+22374807198
+22374807199
+22374807200
+22374807201
+22374807202
+22374807203
+22374807204
+22374807205
+22374807206
+22374807207
+22374807208
+22374807209
+22374807210
+22374807211
+22374807212
+22374807213
+22374807214
+22374807215
+22374807216
+22374807217
+22374807218
+22374807219
+22374807220
+22374807221
+22374807222
+22374807223
+22374807224
+22374807225
+22374807226
+22374807227
+22374807228
+22374807229
+22374807230
+22374807231
+22374807232
+22374807233
+22374807234
+22374807235
+22374807236
+22374807237
+22374807238
+22374807239
+22374807240
+22374807241
+22374807242
+22374807243
+22374807244
+22374807245
+22374807246
+22374807247
+22374807248
+22374807249
+22374807250
+22374807251
+22374807252
+22374807253
+22374807254
+22374807255
+22374807256
+22374807257
+22374807258
+22374807259
+22374807260
+22374807261
+22374807262
+22374807263
+22374807264
+22374807265
+22374807266
+22374807267
+22374807268
+22374807269
+22374807270
+22374807271
+22374807272
+22374807273
+22374807274
+22374807275
+22374807276
+22374807277
+22374807278
+22374807279
+22374807280
+22374807281
+22374807282
+22374807283
+22374807284
+22374807285
+22374807286
+22374807287
+22374807288
+22374807289
+22374807290
+22374807291
+22374807292
+22374807293
+22374807294
+22374807295
+22374807296
+22374807297
+22374807298
+22374807299
+22374807300
+22374807301
+22374807302
+22374807303
+22374807304
+22374807305
+22374807306
+22374807307
+22374807308
+22374807309
+22374807310
+22374807311
+22374807312
+22374807313
+22374807314
+22374807315
+22374807316
+22374807317
+22374807318
+22374807319
+22374807320
+22374807321
+22374807322
+22374807323
+22374807324
+22374807325
+22374807326
+22374807327
+22374807328
+22374807329
+22374807330
+22374807331
+22374807332
+22374807333
+22374807334
+22374807335
+22374807336
+22374807337
+22374807338
+22374807339
+22374807340
+22374807341
+22374807342
+22374807343
+22374807344
+22374807345
+22374807346
+22374807347
+22374807348
+22374807349
+22374807350
+22374807351
+22374807352
+22374807353
+22374807354
+22374807355
+22374807356
+22374807357
+22374807358
+22374807359
+22374807360
+22374807361
+22374807362
+22374807363
+22374807364
+22374807365
+22374807366
+22374807367
+22374807368
+22374807369
+22374807371
+22374807372
+22374807373
+22374807374
+22374807375
+22374807376
+22374807377
+22374807378
+22374807379
+22374807380
+22374807381
+22374807382
+22374807383
+22374807384
+22374807385
+22374807386
+22374807387
+22374807388
+22374807389
+22374807390
+22374807391
+22374807392
+22374807393
+22374807394
+22374807395
+22374807396
+22374807397
+22374807398
+22374807399
+22374807400
+22374807401
+22374807402
+22374807403
+22374807404
+22374807405
+22374807406
+22374807407
+22374807408
+22374807409
+22374807410
+22374807411
+22374807412
+22374807413
+22374807414
+22374807415
+22374807416
+22374807417
+22374807418
+22374807419
+22374807420
+22374807421
+22374807422
+22374807423
+22374807424
+22374807425
+22374807426
+22374807427
+22374807428
+22374807429
+22374807430
+22374807431
+22374807432
+22374807433
+22374807434
+22374807435
+22374807436
+22374807437
+22374807438
+22374807439
+22374807440
+22374807441
+22374807442
+22374807443
+22374807444
+22374807445
+22374807446
+22374807447
+22374807448
+22374807449
+22374807450
+22374807451
+22374807452
+22374807453
+22374807454
+22374807455
+22374807456
+22374807457
+22374807458
+22374807459
+22374807460
+22374807461
+22374807462
+22374807463
+22374807464
+22374807465
+22374807466
+22374807467
+22374807468
+22374807469
+22374807470
+22374807471
+22374807472
+22374807473
+22374807474
+22374807475
+22374807476
+22374807477
+22374807478
+22374807479
+22374807480
+22374807481
+22374807482
+22374807483
+22374807484
+22374807485
+22374807486
+22374807487
+22374807488
+22374807489
+22374807490
+22374807491
+22374807492
+22374807493
+22374807494
+22374807495
+22374807496
+22374807497
+22374807498
+22374807499
+22374807500
+22374807501
+22374807502
+22374807503
+22374807504
+22374807505
+22374807506
+22374807507
+22374807508
+22374807509
+22374807510
+22374807511
+22374807512
+22374807513
+22374807514
+22374807515
+22374807516
+22374807517
+22374807518
+22374807519
+22374807520
+22374807521
+22374807522
+22374807523
+22374807524
+22374807525
+22374807526
+22374807527
+22374807528
+22374807529
+22374807530
+22374807531
+22374807532
+22374807533
+22374807534
+22374807535
+22374807536
+22374807537
+22374807538
+22374807539
+22374807540
+22374807541
+22374807542
+22374807543
+22374807544
+22374807545
+22374807546
+22374807547
+22374807548
+22374807549
+22374807550
+22374807551
+22374807552
+22374807553
+22374807554
+22374807555
+22374807556
+22374807557
+22374807558
+22374807559
+22374807560
+22374807561
+22374807562
+22374807563
+22374807564
+22374807565
+22374807566
+22374807567
+22374807568
+22374807569
+22374807570
+22374807571
+22374807572
+22374807573
+22374807574
+22374807575
+22374807576
+22374807577
+22374807578
+22374807579
+22374807580
+22374807582
+22374807583
+22374807584
+22374807585
+22374807586
+22374807587
+22374807588
+22374807589
+22374807590
+22374807591
+22374807592
+22374807593
+22374807594
+22374807595
+22374807596
+22374807597
+22374807598
+22374807599
+22374807600
+22374807601
+22374807602
+22374807603
+22374807604
+22374807605
+22374807606
+22374807607
+22374807608
+22374807609
+22374807610
+22374807611
+22374807612
+22374807613
+22374807614
+22374807615
+22374807616
+22374807617
+22374807618
+22374807619
+22374807620
+22374807621
+22374807622
+22374807623
+22374807624
+22374807625
+22374807626
+22374807627
+22374807628
+22374807629
+22374807630
+22374807631
+22374807632
+22374807633
+22374807634
+22374807635
+22374807636
+22374807637
+22374807638
+22374807639
+22374807640
+22374807641
+22374807642
+22374807643
+22374807644
+22374807645
+22374807646
+22374807647
+22374807648
+22374807649
+22374807650
+22374807651
+22374807652
+22374807653
+22374807654
+22374807655
+22374807656
+22374807657
+22374807658
+22374807659
+22374807660
+22374807661
+22374807662
+22374807663
+22374807664
+22374807665
+22374807666
+22374807667
+22374807668
+22374807669
+22374807670
+22374807671
+22374807672
+22374807673
+22374807674
+22374807675
+22374807676
+22374807677
+22374807678
+22374807679
+22374807680
+22374807681
+22374807682
+22374807683
+22374807684
+22374807685
+22374807686
+22374807687
+22374807688
+22374807689
+22374807690
+22374807691
+22374807692
+22374807693
+22374807694
+22374807695
+22374807696
+22374807697
+22374807698
+22374807699
+22374807700
+22374807701
+22374807702
+22374807703
+22374807704
+22374807705
+22374807706
+22374807707
+22374807708
+22374807709
+22374807710
+22374807711
+22374807712
+22374807713
+22374807714
+22374807715
+22374807716
+22374807717
+22374807718
+22374807719
+22374807720
+22374807721
+22374807722
+22374807723
+22374807724
+22374807725
+22374807726
+22374807727
+22374807728
+22374807729
+22374807730
+22374807731
+22374807732
+22374807733
+22374807734
+22374807735
+22374807736
+22374807737
+22374807738
+22374807739
+22374807740
+22374807741
+22374807742
+22374807743
+22374807744
+22374807745
+22374807746
+22374807747
+22374807748
+22374807749
+22374807750
+22374807751
+22374807752
+22374807753
+22374807754
+22374807755
+22374807756
+22374807757
+22374807758
+22374807759
+22374807760
+22374807761
+22374807762
+22374807763
+22374807764
+22374807765
+22374807766
+22374807767
+22374807768
+22374807769
+22374807770
+22374807771
+22374807772
+22374807773
+22374807774
+22374807775
+22374807776
+22374807777
+22374807778
+22374807779
+22374807780
+22374807781
+22374807782
+22374807783
+22374807784
+22374807785
+22374807786
+22374807787
+22374807788
+22374807789
+22374807790
+22374807791
+22374807792
+22374807793
+22374807794
+22374807795
+22374807796
+22374807797
+22374807798
+22374807799
+22374807800
+22374807801
+22374807802
+22374807803
+22374807804
+22374807805
+22374807806
+22374807807
+22374807808
+22374807809
+22374807810
+22374807811
+22374807812
+22374807813
+22374807814
+22374807815
+22374807816
+22374807817
+22374807818
+22374807819
+22374807820
+22374807821
+22374807822
+22374807823
+22374807824
+22374807825
+22374807826
+22374807827
+22374807828
+22374807829
+22374807830
+22374807831
+22374807832
+22374807833
+22374807834
+22374807835
+22374807836
+22374807837
+22374807838
+22374807839
+22374807840
+22374807841
+22374807842
+22374807843
+22374807844
+22374807845
+22374807846
+22374807847
+22374807848
+22374807849
+22374807850
+22374807851
+22374807852
+22374807853
+22374807854
+22374807855
+22374807856
+22374807857
+22374807858
+22374807859
+22374807860
+22374807861
+22374807862
+22374807863
+22374807864
+22374807865
+22374807866
+22374807867
+22374807868
+22374807869
+22374807870
+22374807871
+22374807872
+22374807873
+22374807874
+22374807875
+22374807876
+22374807877
+22374807878
+22374807879
+22374807880
+22374807881
+22374807882
+22374807883
+22374807884
+22374807885
+22374807886
+22374807887
+22374807888
+22374807889
+22374807890
+22374807891
+22374807892
+22374807893
+22374807894
+22374807895
+22374807896
+22374807897
+22374807898
+22374807899
+22374807900
+22374807901
+22374807902
+22374807903
+22374807904
+22374807905
+22374807906
+22374807907
+22374807908
+22374807909
+22374807910
+22374807911
+22374807912
+22374807913
+22374807914
+22374807915
+22374807916
+22374807917
+22374807918
+22374807919
+22374807920
+22374807921
+22374807922
+22374807923
+22374807924
+22374807925
+22374807926
+22374807927
+22374807928
+22374807929
+22374807930
+22374807931
+22374807932
+22374807933
+22374807934
+22374807935
+22374807936
+22374807937
+22374807938
+22374807939
+22374807940
+22374807941
+22374807942
+22374807943
+22374807944
+22374807945
+22374807946
+22374807947
+22374807948
+22374807949
+22374807950
+22374807951
+22374807952
+22374807953
+22374807954
+22374807955
+22374807956
+22374807957
+22374807958
+22374807959
+22374807960
+22374807961
+22374807962
+22374807963
+22374807964
+22374807965
+22374807966
+22374807967
+22374807968
+22374807969
+22374807970
+22374807971
+22374807972
+22374807973
+22374807974
+22374807975
+22374807976
+22374807977
+22374807978
+22374807979
+22374807980
+22374807981
+22374807982
+22374807983
+22374807984
+22374807985
+22374807986
+22374807987
+22374807988
+22374807989
+22374807990
+22374807991
+22374807992
+22374807993
+22374807994
+22374807995
+22374807996
+22374807997
+22374807998
+22374807999
+22377489000
+22377489001
+22377489002
+22377489003
+22377489004
+22377489005
+22377489006
+22377489007
+22377489008
+22377489009
+22377489010
+22377489011
+22377489012
+22377489013
+22377489014
+22377489015
+22377489016
+22377489017
+22377489018
+22377489019
+22377489020
+22377489021
+22377489022
+22377489023
+22377489024
+22377489025
+22377489026
+22377489027
+22377489028
+22377489029
+22377489030
+22377489031
+22377489032
+22377489033
+22377489034
+22377489035
+22377489036
+22377489037
+22377489038
+22377489039
+22377489040
+22377489041
+22377489042
+22377489043
+22377489044
+22377489045
+22377489046
+22377489047
+22377489048
+22377489049
+22377489050
+22377489051
+22377489052
+22377489053
+22377489054
+22377489055
+22377489056
+22377489057
+22377489058
+22377489059
+22377489060
+22377489061
+22377489062
+22377489063
+22377489064
+22377489065
+22377489066
+22377489067
+22377489068
+22377489069
+22377489070
+22377489071
+22377489072
+22377489073
+22377489074
+22377489075
+22377489076
+22377489077
+22377489078
+22377489079
+22377489080
+22377489081
+22377489082
+22377489083
+22377489084
+22377489085
+22377489086
+22377489087
+22377489088
+22377489089
+22377489090
+22377489091
+22377489092
+22377489093
+22377489094
+22377489095
+22377489096
+22377489097
+22377489098
+22377489099
+22377489100
+22377489101
+22377489102
+22377489103
+22377489104
+22377489105
+22377489106
+22377489107
+22377489108
+22377489109
+22377489110
+22377489111
+22377489112
+22377489113
+22377489114
+22377489115
+22377489116
+22377489117
+22377489118
+22377489119
+22377489120
+22377489121
+22377489122
+22377489123
+22377489124
+22377489125
+22377489126
+22377489127
+22377489128
+22377489129
+22377489130
+22377489131
+22377489132
+22377489133
+22377489134
+22377489135
+22377489136
+22377489137
+22377489138
+22377489139
+22377489140
+22377489141
+22377489142
+22377489143
+22377489144
+22377489145
+22377489146
+22377489147
+22377489148
+22377489149
+22377489150
+22377489151
+22377489152
+22377489153
+22377489154
+22377489155
+22377489156
+22377489157
+22377489158
+22377489159
+22377489160
+22377489161
+22377489162
+22377489163
+22377489164
+22377489165
+22377489166
+22377489167
+22377489168
+22377489169
+22377489170
+22377489171
+22377489172
+22377489173
+22377489174
+22377489175
+22377489176
+22377489177
+22377489178
+22377489179
+22377489180
+22377489181
+22377489182
+22377489183
+22377489184
+22377489185
+22377489186
+22377489187
+22377489188
+22377489189
+22377489190
+22377489191
+22377489192
+22377489193
+22377489194
+22377489195
+22377489196
+22377489197
+22377489198
+22377489199
+22377489200
+22377489201
+22377489202
+22377489203
+22377489204
+22377489205
+22377489206
+22377489207
+22377489208
+22377489209
+22377489210
+22377489211
+22377489212
+22377489213
+22377489214
+22377489215
+22377489216
+22377489217
+22377489218
+22377489219
+22377489220
+22377489221
+22377489222
+22377489223
+22377489224
+22377489225
+22377489226
+22377489227
+22377489228
+22377489229
+22377489230
+22377489231
+22377489232
+22377489233
+22377489234
+22377489235
+22377489236
+22377489237
+22377489238
+22377489239
+22377489240
+22377489241
+22377489242
+22377489243
+22377489244
+22377489245
+22377489246
+22377489247
+22377489248
+22377489249
+22377489250
+22377489251
+22377489252
+22377489253
+22377489254
+22377489255
+22377489256
+22377489257
+22377489258
+22377489259
+22377489260
+22377489261
+22377489262
+22377489263
+22377489264
+22377489265
+22377489266
+22377489267
+22377489268
+22377489269
+22377489270
+22377489271
+22377489272
+22377489273
+22377489274
+22377489275
+22377489276
+22377489277
+22377489278
+22377489279
+22377489280
+22377489281
+22377489282
+22377489283
+22377489284
+22377489285
+22377489286
+22377489287
+22377489288
+22377489289
+22377489290
+22377489291
+22377489292
+22377489293
+22377489294
+22377489295
+22377489296
+22377489297
+22377489298
+22377489299
+22377489300
+22377489301
+22377489302
+22377489303
+22377489304
+22377489305
+22377489306
+22377489307
+22377489308
+22377489309
+22377489310
+22377489311
+22377489312
+22377489313
+22377489314
+22377489315
+22377489316
+22377489317
+22377489318
+22377489319
+22377489320
+22377489321
+22377489322
+22377489323
+22377489324
+22377489325
+22377489326
+22377489327
+22377489328
+22377489329
+22377489330
+22377489331
+22377489332
+22377489333
+22377489334
+22377489335
+22377489336
+22377489337
+22377489338
+22377489339
+22377489340
+22377489341
+22377489342
+22377489343
+22377489344
+22377489345
+22377489346
+22377489347
+22377489348
+22377489349
+22377489350
+22377489351
+22377489352
+22377489353
+22377489354
+22377489355
+22377489356
+22377489357
+22377489358
+22377489359
+22377489360
+22377489361
+22377489362
+22377489363
+22377489364
+22377489365
+22377489366
+22377489367
+22377489368
+22377489369
+22377489370
+22377489371
+22377489372
+22377489373
+22377489374
+22377489375
+22377489376
+22377489377
+22377489378
+22377489379
+22377489380
+22377489381
+22377489382
+22377489383
+22377489384
+22377489385
+22377489386
+22377489387
+22377489388
+22377489389
+22377489390
+22377489391
+22377489392
+22377489393
+22377489394
+22377489395
+22377489396
+22377489397
+22377489398
+22377489399
+22377489400
+22377489401
+22377489402
+22377489403
+22377489404
+22377489405
+22377489406
+22377489407
+22377489408
+22377489409
+22377489410
+22377489411
+22377489412
+22377489413
+22377489414
+22377489415
+22377489416
+22377489417
+22377489418
+22377489419
+22377489420
+22377489421
+22377489422
+22377489423
+22377489424
+22377489425
+22377489426
+22377489427
+22377489428
+22377489429
+22377489430
+22377489431
+22377489432
+22377489433
+22377489434
+22377489435
+22377489436
+22377489437
+22377489438
+22377489439
+22377489440
+22377489441
+22377489442
+22377489443
+22377489444
+22377489445
+22377489446
+22377489447
+22377489448
+22377489449
+22377489450
+22377489451
+22377489452
+22377489453
+22377489454
+22377489455
+22377489456
+22377489457
+22377489458
+22377489459
+22377489460
+22377489461
+22377489462
+22377489463
+22377489464
+22377489465
+22377489466
+22377489467
+22377489468
+22377489469
+22377489470
+22377489471
+22377489472
+22377489473
+22377489474
+22377489475
+22377489476
+22377489477
+22377489478
+22377489479
+22377489480
+22377489481
+22377489482
+22377489483
+22377489484
+22377489485
+22377489486
+22377489487
+22377489488
+22377489489
+22377489490
+22377489491
+22377489492
+22377489493
+22377489494
+22377489495
+22377489496
+22377489497
+22377489498
+22377489499
+22377489500
+22377489501
+22377489502
+22377489503
+22377489504
+22377489505
+22377489506
+22377489507
+22377489508
+22377489509
+22377489510
+22377489511
+22377489512
+22377489513
+22377489514
+22377489515
+22377489516
+22377489517
+22377489518
+22377489519
+22377489520
+22377489521
+22377489522
+22377489523
+22377489524
+22377489525
+22377489526
+22377489527
+22377489528
+22377489529
+22377489530
+22377489531
+22377489532
+22377489533
+22377489534
+22377489535
+22377489536
+22377489537
+22377489538
+22377489539
+22377489540
+22377489541
+22377489542
+22377489543
+22377489544
+22377489545
+22377489546
+22377489547
+22377489548
+22377489549
+22377489550
+22377489551
+22377489552
+22377489553
+22377489554
+22377489555
+22377489556
+22377489557
+22377489558
+22377489559
+22377489560
+22377489561
+22377489562
+22377489563
+22377489564
+22377489565
+22377489566
+22377489567
+22377489568
+22377489569
+22377489570
+22377489571
+22377489572
+22377489573
+22377489574
+22377489575
+22377489576
+22377489577
+22377489578
+22377489579
+22377489580
+22377489581
+22377489582
+22377489583
+22377489584
+22377489585
+22377489586
+22377489587
+22377489588
+22377489589
+22377489590
+22377489591
+22377489592
+22377489593
+22377489594
+22377489595
+22377489596
+22377489597
+22377489598
+22377489599
+22377489600
+22377489601
+22377489602
+22377489603
+22377489604
+22377489605
+22377489606
+22377489607
+22377489608
+22377489609
+22377489610
+22377489611
+22377489612
+22377489613
+22377489614
+22377489615
+22377489616
+22377489617
+22377489618
+22377489619
+22377489620
+22377489621
+22377489622
+22377489623
+22377489624
+22377489625
+22377489626
+22377489627
+22377489628
+22377489629
+22377489630
+22377489631
+22377489632
+22377489633
+22377489634
+22377489635
+22377489636
+22377489637
+22377489638
+22377489639
+22377489640
+22377489641
+22377489642
+22377489643
+22377489644
+22377489645
+22377489646
+22377489647
+22377489648
+22377489649
+22377489650
+22377489651
+22377489652
+22377489653
+22377489654
+22377489655
+22377489656
+22377489657
+22377489658
+22377489659
+22377489660
+22377489661
+22377489662
+22377489663
+22377489664
+22377489665
+22377489666
+22377489667
+22377489668
+22377489669
+22377489670
+22377489671
+22377489672
+22377489673
+22377489674
+22377489675
+22377489676
+22377489677
+22377489678
+22377489679
+22377489680
+22377489681
+22377489682
+22377489683
+22377489684
+22377489685
+22377489686
+22377489687
+22377489688
+22377489689
+22377489690
+22377489691
+22377489692
+22377489693
+22377489694
+22377489695
+22377489696
+22377489697
+22377489698
+22377489699
+22377489700
+22377489701
+22377489702
+22377489703
+22377489704
+22377489705
+22377489706
+22377489707
+22377489708
+22377489709
+22377489710
+22377489711
+22377489712
+22377489713
+22377489714
+22377489715
+22377489716
+22377489717
+22377489718
+22377489719
+22377489720
+22377489721
+22377489722
+22377489723
+22377489724
+22377489725
+22377489726
+22377489727
+22377489728
+22377489729
+22377489730
+22377489731
+22377489732
+22377489733
+22377489734
+22377489735
+22377489736
+22377489738
+22377489739
+22377489740
+22377489741
+22377489742
+22377489743
+22377489744
+22377489745
+22377489746
+22377489747
+22377489748
+22377489749
+22377489750
+22377489751
+22377489752
+22377489753
+22377489754
+22377489755
+22377489756
+22377489757
+22377489758
+22377489759
+22377489760
+22377489761
+22377489762
+22377489763
+22377489764
+22377489765
+22377489766
+22377489767
+22377489768
+22377489769
+22377489770
+22377489771
+22377489772
+22377489773
+22377489774
+22377489775
+22377489776
+22377489777
+22377489778
+22377489779
+22377489780
+22377489781
+22377489782
+22377489783
+22377489784
+22377489785
+22377489786
+22377489787
+22377489788
+22377489789
+22377489790
+22377489791
+22377489792
+22377489793
+22377489794
+22377489795
+22377489796
+22377489797
+22377489798
+22377489799
+22377489800
+22377489801
+22377489802
+22377489803
+22377489804
+22377489805
+22377489806
+22377489807
+22377489808
+22377489809
+22377489810
+22377489811
+22377489812
+22377489813
+22377489814
+22377489815
+22377489816
+22377489817
+22377489818
+22377489819
+22377489820
+22377489821
+22377489822
+22377489823
+22377489824
+22377489825
+22377489826
+22377489827
+22377489828
+22377489829
+22377489830
+22377489831
+22377489832
+22377489833
+22377489834
+22377489835
+22377489836
+22377489837
+22377489838
+22377489839
+22377489840
+22377489841
+22377489842
+22377489843
+22377489844
+22377489845
+22377489846
+22377489847
+22377489848
+22377489849
+22377489850
+22377489851
+22377489852
+22377489853
+22377489854
+22377489855
+22377489856
+22377489857
+22377489858
+22377489859
+22377489860
+22377489861
+22377489862
+22377489863
+22377489864
+22377489865
+22377489866
+22377489867
+22377489868
+22377489869
+22377489870
+22377489871
+22377489872
+22377489873
+22377489874
+22377489875
+22377489876
+22377489877
+22377489878
+22377489879
+22377489880
+22377489881
+22377489882
+22377489883
+22377489884
+22377489885
+22377489886
+22377489887
+22377489888
+22377489889
+22377489890
+22377489891
+22377489892
+22377489893
+22377489894
+22377489895
+22377489896
+22377489897
+22377489898
+22377489899
+22377489900
+22377489901
+22377489902
+22377489903
+22377489904
+22377489905
+22377489906
+22377489907
+22377489908
+22377489909
+22377489910
+22377489911
+22377489912
+22377489913
+22377489914
+22377489915
+22377489916
+22377489917
+22377489918
+22377489919
+22377489920
+22377489921
+22377489922
+22377489923
+22377489924
+22377489925
+22377489926
+22377489927
+22377489928
+22377489929
+22377489930
+22377489931
+22377489932
+22377489933
+22377489934
+22377489935
+22377489936
+22377489937
+22377489938
+22377489939
+22377489940
+22377489941
+22377489942
+22377489943
+22377489944
+22377489945
+22377489946
+22377489947
+22377489948
+22377489949
+22377489950
+22377489951
+22377489952
+22377489953
+22377489954
+22377489955
+22377489956
+22377489957
+22377489958
+22377489959
+22377489960
+22377489961
+22377489962
+22377489963
+22377489964
+22377489965
+22377489966
+22377489967
+22377489968
+22377489969
+22377489970
+22377489971
+22377489972
+22377489973
+22377489974
+22377489975
+22377489976
+22377489977
+22377489978
+22377489979
+22377489980
+22377489981
+22377489982
+22377489983
+22377489984
+22377489985
+22377489986
+22377489987
+22377489988
+22377489989
+22377489990
+22377489991
+22377489992
+22377489993
+22377489994
+22377489995
+22377489996
+22377489997
+22377489998
+22377489999
+22382176000
+22382176001
+22382176002
+22382176003
+22382176004
+22382176005
+22382176006
+22382176007
+22382176008
+22382176009
+22382176010
+22382176011
+22382176012
+22382176013
+22382176014
+22382176015
+22382176016
+22382176017
+22382176018
+22382176019
+22382176020
+22382176021
+22382176022
+22382176023
+22382176024
+22382176025
+22382176026
+22382176027
+22382176028
+22382176029
+22382176030
+22382176031
+22382176032
+22382176033
+22382176034
+22382176035
+22382176036
+22382176037
+22382176038
+22382176039
+22382176040
+22382176041
+22382176042
+22382176043
+22382176044
+22382176045
+22382176046
+22382176047
+22382176048
+22382176049
+22382176050
+22382176051
+22382176052
+22382176053
+22382176054
+22382176055
+22382176056
+22382176057
+22382176058
+22382176059
+22382176060
+22382176061
+22382176062
+22382176063
+22382176064
+22382176065
+22382176066
+22382176067
+22382176068
+22382176069
+22382176070
+22382176071
+22382176072
+22382176073
+22382176074
+22382176075
+22382176076
+22382176077
+22382176078
+22382176079
+22382176080
+22382176081
+22382176082
+22382176083
+22382176084
+22382176085
+22382176086
+22382176087
+22382176088
+22382176089
+22382176090
+22382176091
+22382176092
+22382176093
+22382176094
+22382176095
+22382176096
+22382176097
+22382176098
+22382176099
+22382176100
+22382176101
+22382176102
+22382176103
+22382176104
+22382176105
+22382176106
+22382176107
+22382176108
+22382176109
+22382176110
+22382176111
+22382176112
+22382176113
+22382176114
+22382176115
+22382176116
+22382176117
+22382176118
+22382176119
+22382176120
+22382176121
+22382176122
+22382176123
+22382176124
+22382176125
+22382176126
+22382176127
+22382176128
+22382176129
+22382176130
+22382176131
+22382176132
+22382176133
+22382176134
+22382176135
+22382176136
+22382176137
+22382176138
+22382176139
+22382176140
+22382176141
+22382176142
+22382176143
+22382176144
+22382176145
+22382176146
+22382176147
+22382176148
+22382176149
+22382176150
+22382176151
+22382176152
+22382176153
+22382176154
+22382176155
+22382176156
+22382176157
+22382176158
+22382176159
+22382176160
+22382176161
+22382176162
+22382176163
+22382176164
+22382176165
+22382176166
+22382176167
+22382176168
+22382176169
+22382176170
+22382176171
+22382176172
+22382176173
+22382176174
+22382176175
+22382176176
+22382176177
+22382176178
+22382176179
+22382176180
+22382176181
+22382176182
+22382176183
+22382176184
+22382176185
+22382176186
+22382176187
+22382176188
+22382176189
+22382176190
+22382176191
+22382176192
+22382176193
+22382176194
+22382176195
+22382176196
+22382176197
+22382176198
+22382176199
+22382176200
+22382176201
+22382176202
+22382176203
+22382176204
+22382176205
+22382176206
+22382176207
+22382176208
+22382176209
+22382176210
+22382176211
+22382176212
+22382176213
+22382176214
+22382176215
+22382176216
+22382176217
+22382176218
+22382176219
+22382176220
+22382176221
+22382176222
+22382176223
+22382176224
+22382176225
+22382176226
+22382176227
+22382176228
+22382176229
+22382176230
+22382176231
+22382176232
+22382176233
+22382176234
+22382176235
+22382176236
+22382176237
+22382176238
+22382176239
+22382176240
+22382176241
+22382176242
+22382176243
+22382176244
+22382176245
+22382176246
+22382176247
+22382176248
+22382176249
+22382176250
+22382176251
+22382176252
+22382176253
+22382176254
+22382176255
+22382176256
+22382176257
+22382176258
+22382176259
+22382176260
+22382176261
+22382176262
+22382176263
+22382176264
+22382176265
+22382176266
+22382176267
+22382176268
+22382176269
+22382176270
+22382176271
+22382176272
+22382176273
+22382176274
+22382176275
+22382176276
+22382176277
+22382176278
+22382176279
+22382176280
+22382176281
+22382176282
+22382176283
+22382176284
+22382176285
+22382176286
+22382176287
+22382176288
+22382176289
+22382176290
+22382176291
+22382176292
+22382176293
+22382176294
+22382176295
+22382176296
+22382176297
+22382176298
+22382176299
+22382176300
+22382176301
+22382176302
+22382176303
+22382176304
+22382176305
+22382176306
+22382176307
+22382176308
+22382176309
+22382176310
+22382176311
+22382176312
+22382176313
+22382176314
+22382176315
+22382176316
+22382176317
+22382176318
+22382176319
+22382176320
+22382176321
+22382176322
+22382176323
+22382176324
+22382176325
+22382176326
+22382176327
+22382176328
+22382176329
+22382176330
+22382176331
+22382176332
+22382176333
+22382176334
+22382176335
+22382176336
+22382176337
+22382176338
+22382176339
+22382176340
+22382176341
+22382176342
+22382176343
+22382176344
+22382176345
+22382176346
+22382176347
+22382176348
+22382176349
+22382176350
+22382176351
+22382176352
+22382176353
+22382176354
+22382176355
+22382176356
+22382176357
+22382176358
+22382176359
+22382176360
+22382176361
+22382176362
+22382176363
+22382176364
+22382176365
+22382176366
+22382176367
+22382176368
+22382176369
+22382176370
+22382176371
+22382176372
+22382176373
+22382176374
+22382176375
+22382176376
+22382176377
+22382176378
+22382176379
+22382176380
+22382176381
+22382176382
+22382176383
+22382176384
+22382176385
+22382176386
+22382176387
+22382176388
+22382176389
+22382176390
+22382176391
+22382176392
+22382176393
+22382176394
+22382176395
+22382176396
+22382176397
+22382176398
+22382176399
+22382176400
+22382176401
+22382176402
+22382176403
+22382176404
+22382176405
+22382176406
+22382176407
+22382176408
+22382176409
+22382176410
+22382176411
+22382176412
+22382176413
+22382176414
+22382176415
+22382176416
+22382176417
+22382176418
+22382176419
+22382176420
+22382176421
+22382176422
+22382176423
+22382176424
+22382176425
+22382176426
+22382176427
+22382176428
+22382176429
+22382176430
+22382176431
+22382176432
+22382176433
+22382176434
+22382176435
+22382176436
+22382176437
+22382176438
+22382176439
+22382176440
+22382176441
+22382176442
+22382176443
+22382176444
+22382176445
+22382176446
+22382176447
+22382176448
+22382176449
+22382176450
+22382176451
+22382176452
+22382176453
+22382176454
+22382176455
+22382176456
+22382176457
+22382176458
+22382176459
+22382176460
+22382176461
+22382176462
+22382176463
+22382176464
+22382176465
+22382176466
+22382176467
+22382176468
+22382176469
+22382176470
+22382176471
+22382176472
+22382176473
+22382176474
+22382176475
+22382176476
+22382176477
+22382176478
+22382176479
+22382176480
+22382176481
+22382176482
+22382176483
+22382176484
+22382176485
+22382176486
+22382176487
+22382176488
+22382176489
+22382176490
+22382176491
+22382176492
+22382176493
+22382176494
+22382176495
+22382176496
+22382176497
+22382176498
+22382176499
+22382176500
+22382176501
+22382176502
+22382176503
+22382176504
+22382176505
+22382176506
+22382176507
+22382176508
+22382176509
+22382176510
+22382176511
+22382176512
+22382176513
+22382176514
+22382176515
+22382176516
+22382176517
+22382176518
+22382176519
+22382176520
+22382176521
+22382176522
+22382176523
+22382176524
+22382176525
+22382176526
+22382176527
+22382176528
+22382176529
+22382176530
+22382176531
+22382176532
+22382176533
+22382176534
+22382176535
+22382176536
+22382176537
+22382176538
+22382176539
+22382176540
+22382176541
+22382176542
+22382176543
+22382176544
+22382176545
+22382176546
+22382176547
+22382176548
+22382176549
+22382176550
+22382176551
+22382176552
+22382176553
+22382176554
+22382176555
+22382176556
+22382176557
+22382176558
+22382176559
+22382176560
+22382176561
+22382176562
+22382176563
+22382176564
+22382176565
+22382176566
+22382176567
+22382176568
+22382176569
+22382176570
+22382176571
+22382176572
+22382176573
+22382176574
+22382176575
+22382176576
+22382176577
+22382176578
+22382176579
+22382176580
+22382176581
+22382176582
+22382176583
+22382176584
+22382176585
+22382176586
+22382176587
+22382176588
+22382176589
+22382176590
+22382176591
+22382176592
+22382176593
+22382176594
+22382176595
+22382176596
+22382176597
+22382176598
+22382176599
+22382176600
+22382176601
+22382176602
+22382176603
+22382176604
+22382176605
+22382176606
+22382176607
+22382176608
+22382176609
+22382176610
+22382176611
+22382176612
+22382176613
+22382176614
+22382176615
+22382176616
+22382176617
+22382176618
+22382176619
+22382176620
+22382176621
+22382176622
+22382176623
+22382176624
+22382176625
+22382176626
+22382176627
+22382176628
+22382176629
+22382176630
+22382176631
+22382176632
+22382176633
+22382176634
+22382176635
+22382176636
+22382176637
+22382176638
+22382176639
+22382176640
+22382176641
+22382176642
+22382176643
+22382176644
+22382176645
+22382176646
+22382176647
+22382176648
+22382176649
+22382176650
+22382176651
+22382176652
+22382176653
+22382176654
+22382176655
+22382176656
+22382176657
+22382176658
+22382176659
+22382176660
+22382176661
+22382176662
+22382176663
+22382176664
+22382176665
+22382176666
+22382176667
+22382176668
+22382176669
+22382176670
+22382176671
+22382176672
+22382176673
+22382176674
+22382176675
+22382176676
+22382176677
+22382176678
+22382176679
+22382176680
+22382176681
+22382176682
+22382176683
+22382176684
+22382176685
+22382176686
+22382176687
+22382176688
+22382176689
+22382176690
+22382176691
+22382176692
+22382176693
+22382176694
+22382176695
+22382176696
+22382176697
+22382176698
+22382176699
+22382176700
+22382176701
+22382176702
+22382176703
+22382176704
+22382176705
+22382176706
+22382176707
+22382176708
+22382176709
+22382176710
+22382176711
+22382176712
+22382176713
+22382176714
+22382176715
+22382176716
+22382176717
+22382176718
+22382176719
+22382176720
+22382176721
+22382176722
+22382176723
+22382176724
+22382176725
+22382176726
+22382176727
+22382176728
+22382176729
+22382176730
+22382176731
+22382176732
+22382176733
+22382176734
+22382176735
+22382176736
+22382176737
+22382176738
+22382176739
+22382176740
+22382176741
+22382176742
+22382176743
+22382176744
+22382176745
+22382176746
+22382176747
+22382176748
+22382176749
+22382176750
+22382176751
+22382176752
+22382176753
+22382176754
+22382176755
+22382176756
+22382176757
+22382176758
+22382176759
+22382176760
+22382176761
+22382176762
+22382176763
+22382176764
+22382176765
+22382176766
+22382176767
+22382176768
+22382176769
+22382176770
+22382176771
+22382176772
+22382176773
+22382176774
+22382176775
+22382176776
+22382176777
+22382176778
+22382176779
+22382176780
+22382176781
+22382176782
+22382176783
+22382176784
+22382176785
+22382176786
+22382176787
+22382176788
+22382176789
+22382176790
+22382176791
+22382176792
+22382176793
+22382176794
+22382176795
+22382176796
+22382176797
+22382176798
+22382176799
+22382176800
+22382176801
+22382176802
+22382176803
+22382176804
+22382176805
+22382176806
+22382176807
+22382176808
+22382176809
+22382176810
+22382176811
+22382176812
+22382176813
+22382176814
+22382176815
+22382176816
+22382176817
+22382176818
+22382176819
+22382176820
+22382176821
+22382176822
+22382176823
+22382176824
+22382176825
+22382176826
+22382176827
+22382176828
+22382176829
+22382176830
+22382176831
+22382176832
+22382176833
+22382176834
+22382176835
+22382176836
+22382176837
+22382176838
+22382176839
+22382176840
+22382176841
+22382176842
+22382176843
+22382176844
+22382176845
+22382176846
+22382176847
+22382176848
+22382176849
+22382176850
+22382176851
+22382176852
+22382176853
+22382176854
+22382176855
+22382176856
+22382176857
+22382176858
+22382176859
+22382176860
+22382176861
+22382176862
+22382176863
+22382176864
+22382176865
+22382176866
+22382176867
+22382176868
+22382176869
+22382176870
+22382176871
+22382176872
+22382176873
+22382176874
+22382176875
+22382176876
+22382176877
+22382176878
+22382176879
+22382176880
+22382176881
+22382176882
+22382176883
+22382176884
+22382176885
+22382176886
+22382176887
+22382176888
+22382176889
+22382176890
+22382176891
+22382176892
+22382176893
+22382176894
+22382176895
+22382176896
+22382176897
+22382176898
+22382176899
+22382176900
+22382176901
+22382176902
+22382176903
+22382176904
+22382176905
+22382176906
+22382176907
+22382176908
+22382176909
+22382176910
+22382176911
+22382176912
+22382176913
+22382176914
+22382176915
+22382176916
+22382176917
+22382176918
+22382176919
+22382176920
+22382176921
+22382176922
+22382176923
+22382176924
+22382176925
+22382176926
+22382176927
+22382176928
+22382176929
+22382176930
+22382176931
+22382176932
+22382176933
+22382176934
+22382176935
+22382176936
+22382176937
+22382176938
+22382176939
+22382176940
+22382176941
+22382176942
+22382176943
+22382176944
+22382176945
+22382176946
+22382176947
+22382176948
+22382176949
+22382176950
+22382176951
+22382176952
+22382176953
+22382176954
+22382176955
+22382176956
+22382176957
+22382176958
+22382176959
+22382176960
+22382176961
+22382176962
+22382176963
+22382176964
+22382176965
+22382176966
+22382176967
+22382176968
+22382176969
+22382176970
+22382176971
+22382176972
+22382176973
+22382176974
+22382176975
+22382176976
+22382176977
+22382176978
+22382176979
+22382176980
+22382176981
+22382176982
+22382176983
+22382176984
+22382176985
+22382176986
+22382176987
+22382176988
+22382176989
+22382176990
+22382176991
+22382176992
+22382176993
+22382176994
+22382176995
+22382176996
+22382176997
+22382176998
+22382176999
+22382440074
+22382440114
+22382440143
+22382440314
+22382440431
+22382440463
+22382440469
+22382440614
+22382440618
+22382440663
+22382440688
+22382440805
+22382440943
+22382440992
+22384550000
+22384550001
+22384550002
+22384550003
+22384550004
+22384550005
+22384550006
+22384550007
+22384550008
+22384550009
+22384550010
+22384550011
+22384550012
+22384550013
+22384550014
+22384550015
+22384550016
+22384550017
+22384550018
+22384550019
+22384550020
+22384550021
+22384550022
+22384550023
+22384550024
+22384550025
+22384550026
+22384550027
+22384550028
+22384550029
+22384550030
+22384550031
+22384550032
+22384550033
+22384550034
+22384550035
+22384550036
+22384550037
+22384550038
+22384550039
+22384550040
+22384550041
+22384550042
+22384550043
+22384550044
+22384550045
+22384550046
+22384550047
+22384550048
+22384550049
+22384550050
+22384550051
+22384550052
+22384550053
+22384550054
+22384550055
+22384550056
+22384550057
+22384550058
+22384550059
+22384550060
+22384550061
+22384550062
+22384550063
+22384550064
+22384550065
+22384550066
+22384550067
+22384550068
+22384550069
+22384550070
+22384550071
+22384550072
+22384550073
+22384550074
+22384550075
+22384550076
+22384550077
+22384550078
+22384550079
+22384550080
+22384550081
+22384550082
+22384550083
+22384550084
+22384550085
+22384550086
+22384550087
+22384550088
+22384550089
+22384550090
+22384550091
+22384550092
+22384550093
+22384550094
+22384550095
+22384550096
+22384550097
+22384550098
+22384550099
+22384550100
+22384550101
+22384550102
+22384550103
+22384550104
+22384550105
+22384550106
+22384550107
+22384550108
+22384550109
+22384550110
+22384550111
+22384550112
+22384550113
+22384550114
+22384550115
+22384550116
+22384550117
+22384550118
+22384550119
+22384550120
+22384550121
+22384550122
+22384550123
+22384550124
+22384550125
+22384550126
+22384550127
+22384550128
+22384550129
+22384550130
+22384550131
+22384550132
+22384550133
+22384550134
+22384550135
+22384550136
+22384550137
+22384550138
+22384550139
+22384550140
+22384550141
+22384550142
+22384550143
+22384550144
+22384550145
+22384550146
+22384550147
+22384550148
+22384550149
+22384550150
+22384550151
+22384550152
+22384550153
+22384550154
+22384550155
+22384550156
+22384550157
+22384550158
+22384550159
+22384550160
+22384550161
+22384550162
+22384550163
+22384550164
+22384550165
+22384550166
+22384550167
+22384550168
+22384550169
+22384550170
+22384550171
+22384550172
+22384550173
+22384550174
+22384550175
+22384550176
+22384550177
+22384550178
+22384550179
+22384550180
+22384550181
+22384550182
+22384550183
+22384550184
+22384550185
+22384550186
+22384550187
+22384550188
+22384550189
+22384550190
+22384550191
+22384550192
+22384550193
+22384550194
+22384550195
+22384550196
+22384550197
+22384550198
+22384550199
+22384550200
+22384550201
+22384550202
+22384550203
+22384550204
+22384550205
+22384550206
+22384550207
+22384550208
+22384550209
+22384550210
+22384550211
+22384550212
+22384550213
+22384550214
+22384550215
+22384550216
+22384550217
+22384550218
+22384550219
+22384550220
+22384550221
+22384550222
+22384550223
+22384550224
+22384550225
+22384550226
+22384550227
+22384550228
+22384550229
+22384550230
+22384550231
+22384550232
+22384550233
+22384550234
+22384550235
+22384550236
+22384550237
+22384550238
+22384550239
+22384550240
+22384550241
+22384550242
+22384550243
+22384550244
+22384550245
+22384550246
+22384550247
+22384550248
+22384550249
+22384550250
+22384550251
+22384550252
+22384550253
+22384550254
+22384550255
+22384550256
+22384550257
+22384550258
+22384550259
+22384550260
+22384550261
+22384550262
+22384550263
+22384550264
+22384550265
+22384550266
+22384550267
+22384550268
+22384550269
+22384550270
+22384550271
+22384550272
+22384550273
+22384550274
+22384550275
+22384550276
+22384550277
+22384550278
+22384550279
+22384550280
+22384550281
+22384550282
+22384550283
+22384550284
+22384550285
+22384550286
+22384550287
+22384550288
+22384550289
+22384550290
+22384550291
+22384550292
+22384550293
+22384550294
+22384550295
+22384550296
+22384550297
+22384550298
+22384550299
+22384550300
+22384550301
+22384550302
+22384550303
+22384550304
+22384550305
+22384550306
+22384550307
+22384550308
+22384550309
+22384550310
+22384550311
+22384550312
+22384550313
+22384550314
+22384550315
+22384550316
+22384550317
+22384550318
+22384550319
+22384550320
+22384550321
+22384550322
+22384550323
+22384550324
+22384550325
+22384550326
+22384550327
+22384550328
+22384550329
+22384550330
+22384550331
+22384550332
+22384550333
+22384550334
+22384550335
+22384550336
+22384550337
+22384550338
+22384550339
+22384550340
+22384550341
+22384550342
+22384550343
+22384550344
+22384550345
+22384550346
+22384550347
+22384550348
+22384550349
+22384550350
+22384550351
+22384550352
+22384550353
+22384550354
+22384550355
+22384550356
+22384550357
+22384550358
+22384550359
+22384550360
+22384550361
+22384550362
+22384550363
+22384550364
+22384550365
+22384550366
+22384550367
+22384550368
+22384550369
+22384550370
+22384550371
+22384550372
+22384550373
+22384550374
+22384550375
+22384550376
+22384550377
+22384550378
+22384550379
+22384550380
+22384550381
+22384550382
+22384550383
+22384550384
+22384550385
+22384550386
+22384550387
+22384550388
+22384550389
+22384550390
+22384550391
+22384550392
+22384550393
+22384550394
+22384550395
+22384550396
+22384550397
+22384550398
+22384550399
+22384550400
+22384550401
+22384550402
+22384550403
+22384550404
+22384550405
+22384550406
+22384550407
+22384550408
+22384550409
+22384550410
+22384550411
+22384550412
+22384550413
+22384550414
+22384550415
+22384550416
+22384550417
+22384550418
+22384550419
+22384550420
+22384550421
+22384550422
+22384550423
+22384550424
+22384550425
+22384550426
+22384550427
+22384550428
+22384550429
+22384550430
+22384550431
+22384550432
+22384550433
+22384550434
+22384550435
+22384550436
+22384550437
+22384550438
+22384550439
+22384550440
+22384550441
+22384550442
+22384550443
+22384550444
+22384550445
+22384550446
+22384550447
+22384550448
+22384550449
+22384550450
+22384550451
+22384550452
+22384550453
+22384550454
+22384550455
+22384550456
+22384550457
+22384550458
+22384550459
+22384550460
+22384550461
+22384550462
+22384550463
+22384550464
+22384550465
+22384550466
+22384550467
+22384550468
+22384550469
+22384550470
+22384550471
+22384550472
+22384550473
+22384550474
+22384550475
+22384550476
+22384550477
+22384550478
+22384550479
+22384550480
+22384550481
+22384550482
+22384550483
+22384550484
+22384550485
+22384550486
+22384550487
+22384550488
+22384550489
+22384550490
+22384550491
+22384550492
+22384550493
+22384550494
+22384550495
+22384550496
+22384550497
+22384550498
+22384550499
+22384550500
+22384550501
+22384550502
+22384550503
+22384550504
+22384550505
+22384550506
+22384550507
+22384550508
+22384550509
+22384550510
+22384550511
+22384550512
+22384550513
+22384550514
+22384550515
+22384550516
+22384550517
+22384550518
+22384550519
+22384550520
+22384550521
+22384550522
+22384550523
+22384550524
+22384550525
+22384550526
+22384550527
+22384550528
+22384550529
+22384550530
+22384550531
+22384550532
+22384550533
+22384550534
+22384550535
+22384550536
+22384550537
+22384550538
+22384550539
+22384550540
+22384550541
+22384550542
+22384550543
+22384550544
+22384550545
+22384550546
+22384550547
+22384550548
+22384550549
+22384550550
+22384550551
+22384550552
+22384550553
+22384550554
+22384550555
+22384550556
+22384550557
+22384550558
+22384550559
+22384550560
+22384550561
+22384550562
+22384550563
+22384550564
+22384550565
+22384550566
+22384550567
+22384550568
+22384550569
+22384550570
+22384550571
+22384550572
+22384550573
+22384550574
+22384550575
+22384550576
+22384550577
+22384550578
+22384550579
+22384550580
+22384550581
+22384550582
+22384550583
+22384550584
+22384550585
+22384550586
+22384550587
+22384550588
+22384550589
+22384550590
+22384550591
+22384550592
+22384550593
+22384550594
+22384550595
+22384550596
+22384550597
+22384550598
+22384550599
+22384550600
+22384550601
+22384550602
+22384550603
+22384550604
+22384550605
+22384550606
+22384550607
+22384550608
+22384550609
+22384550610
+22384550611
+22384550612
+22384550613
+22384550614
+22384550615
+22384550616
+22384550617
+22384550618
+22384550619
+22384550620
+22384550621
+22384550622
+22384550623
+22384550624
+22384550625
+22384550626
+22384550627
+22384550628
+22384550629
+22384550630
+22384550631
+22384550632
+22384550633
+22384550634
+22384550635
+22384550636
+22384550637
+22384550638
+22384550639
+22384550640
+22384550641
+22384550642
+22384550643
+22384550644
+22384550645
+22384550646
+22384550647
+22384550648
+22384550649
+22384550650
+22384550651
+22384550652
+22384550653
+22384550654
+22384550655
+22384550656
+22384550657
+22384550658
+22384550659
+22384550660
+22384550661
+22384550662
+22384550663
+22384550664
+22384550665
+22384550666
+22384550667
+22384550668
+22384550669
+22384550670
+22384550671
+22384550672
+22384550673
+22384550674
+22384550675
+22384550676
+22384550677
+22384550678
+22384550679
+22384550680
+22384550681
+22384550682
+22384550683
+22384550684
+22384550685
+22384550686
+22384550687
+22384550688
+22384550689
+22384550690
+22384550691
+22384550692
+22384550693
+22384550694
+22384550695
+22384550696
+22384550697
+22384550698
+22384550699
+22384550700
+22384550701
+22384550702
+22384550703
+22384550704
+22384550705
+22384550706
+22384550707
+22384550708
+22384550709
+22384550710
+22384550711
+22384550712
+22384550713
+22384550714
+22384550715
+22384550716
+22384550717
+22384550718
+22384550719
+22384550720
+22384550721
+22384550722
+22384550723
+22384550724
+22384550725
+22384550726
+22384550727
+22384550728
+22384550729
+22384550730
+22384550731
+22384550732
+22384550733
+22384550734
+22384550735
+22384550736
+22384550737
+22384550738
+22384550739
+22384550740
+22384550741
+22384550742
+22384550743
+22384550744
+22384550745
+22384550746
+22384550747
+22384550748
+22384550749
+22384550750
+22384550751
+22384550752
+22384550753
+22384550754
+22384550755
+22384550756
+22384550757
+22384550758
+22384550759
+22384550760
+22384550761
+22384550762
+22384550763
+22384550764
+22384550765
+22384550766
+22384550767
+22384550768
+22384550769
+22384550770
+22384550771
+22384550772
+22384550773
+22384550774
+22384550775
+22384550776
+22384550777
+22384550778
+22384550779
+22384550780
+22384550781
+22384550782
+22384550783
+22384550784
+22384550785
+22384550786
+22384550787
+22384550788
+22384550789
+22384550790
+22384550791
+22384550792
+22384550793
+22384550794
+22384550795
+22384550796
+22384550797
+22384550798
+22384550799
+22384550800
+22384550801
+22384550802
+22384550803
+22384550804
+22384550805
+22384550806
+22384550807
+22384550808
+22384550809
+22384550810
+22384550811
+22384550812
+22384550813
+22384550814
+22384550815
+22384550816
+22384550817
+22384550818
+22384550819
+22384550820
+22384550821
+22384550822
+22384550823
+22384550824
+22384550825
+22384550826
+22384550827
+22384550828
+22384550829
+22384550830
+22384550831
+22384550832
+22384550833
+22384550834
+22384550835
+22384550836
+22384550837
+22384550838
+22384550839
+22384550840
+22384550841
+22384550842
+22384550843
+22384550844
+22384550845
+22384550846
+22384550847
+22384550848
+22384550849
+22384550850
+22384550851
+22384550852
+22384550853
+22384550854
+22384550855
+22384550856
+22384550857
+22384550858
+22384550859
+22384550860
+22384550861
+22384550862
+22384550863
+22384550864
+22384550865
+22384550866
+22384550867
+22384550868
+22384550869
+22384550870
+22384550871
+22384550872
+22384550873
+22384550874
+22384550875
+22384550876
+22384550877
+22384550878
+22384550879
+22384550880
+22384550881
+22384550882
+22384550883
+22384550884
+22384550885
+22384550886
+22384550887
+22384550888
+22384550889
+22384550890
+22384550891
+22384550892
+22384550893
+22384550894
+22384550895
+22384550896
+22384550897
+22384550898
+22384550899
+22384550900
+22384550901
+22384550902
+22384550903
+22384550904
+22384550905
+22384550906
+22384550907
+22384550908
+22384550909
+22384550910
+22384550911
+22384550912
+22384550913
+22384550914
+22384550915
+22384550916
+22384550917
+22384550918
+22384550919
+22384550920
+22384550921
+22384550922
+22384550923
+22384550924
+22384550925
+22384550926
+22384550927
+22384550928
+22384550929
+22384550930
+22384550931
+22384550932
+22384550933
+22384550934
+22384550935
+22384550936
+22384550937
+22384550938
+22384550939
+22384550940
+22384550941
+22384550942
+22384550943
+22384550944
+22384550945
+22384550946
+22384550947
+22384550948
+22384550949
+22384550950
+22384550951
+22384550952
+22384550953
+22384550954
+22384550955
+22384550956
+22384550957
+22384550958
+22384550959
+22384550960
+22384550961
+22384550962
+22384550963
+22384550964
+22384550965
+22384550966
+22384550967
+22384550968
+22384550969
+22384550970
+22384550971
+22384550972
+22384550973
+22384550974
+22384550975
+22384550976
+22384550977
+22384550978
+22384550979
+22384550980
+22384550981
+22384550982
+22384550983
+22384550984
+22384550985
+22384550986
+22384550987
+22384550988
+22384550989
+22384550990
+22384550991
+22384550992
+22384550993
+22384550994
+22384550995
+22384550996
+22384550997
+22384550998
+22384550999
+22384865000
+22384865001
+22384865002
+22384865003
+22384865004
+22384865005
+22384865006
+22384865007
+22384865008
+22384865009
+22384865010
+22384865011
+22384865012
+22384865013
+22384865014
+22384865015
+22384865016
+22384865017
+22384865018
+22384865019
+22384865020
+22384865021
+22384865022
+22384865023
+22384865024
+22384865025
+22384865026
+22384865027
+22384865028
+22384865030
+22384865031
+22384865032
+22384865033
+22384865034
+22384865035
+22384865036
+22384865037
+22384865038
+22384865039
+22384865040
+22384865041
+22384865042
+22384865043
+22384865044
+22384865045
+22384865046
+22384865047
+22384865048
+22384865049
+22384865050
+22384865051
+22384865052
+22384865053
+22384865054
+22384865055
+22384865056
+22384865057
+22384865058
+22384865059
+22384865060
+22384865061
+22384865062
+22384865063
+22384865064
+22384865065
+22384865066
+22384865067
+22384865068
+22384865069
+22384865070
+22384865071
+22384865072
+22384865073
+22384865074
+22384865075
+22384865076
+22384865077
+22384865078
+22384865079
+22384865080
+22384865081
+22384865082
+22384865083
+22384865084
+22384865085
+22384865086
+22384865087
+22384865088
+22384865089
+22384865090
+22384865091
+22384865092
+22384865093
+22384865094
+22384865095
+22384865096
+22384865097
+22384865098
+22384865099
+22384865100
+22384865101
+22384865102
+22384865103
+22384865104
+22384865105
+22384865106
+22384865107
+22384865108
+22384865109
+22384865110
+22384865111
+22384865112
+22384865113
+22384865114
+22384865115
+22384865116
+22384865117
+22384865118
+22384865119
+22384865120
+22384865121
+22384865122
+22384865123
+22384865124
+22384865125
+22384865126
+22384865127
+22384865128
+22384865129
+22384865130
+22384865131
+22384865132
+22384865133
+22384865134
+22384865135
+22384865136
+22384865137
+22384865138
+22384865139
+22384865140
+22384865141
+22384865142
+22384865143
+22384865144
+22384865145
+22384865146
+22384865147
+22384865148
+22384865149
+22384865150
+22384865151
+22384865152
+22384865153
+22384865154
+22384865155
+22384865156
+22384865157
+22384865158
+22384865159
+22384865160
+22384865161
+22384865162
+22384865163
+22384865164
+22384865165
+22384865166
+22384865167
+22384865168
+22384865169
+22384865170
+22384865171
+22384865172
+22384865173
+22384865174
+22384865175
+22384865176
+22384865177
+22384865178
+22384865179
+22384865180
+22384865181
+22384865182
+22384865183
+22384865184
+22384865185
+22384865186
+22384865187
+22384865188
+22384865189
+22384865190
+22384865191
+22384865192
+22384865193
+22384865194
+22384865195
+22384865196
+22384865197
+22384865198
+22384865199
+22384865200
+22384865201
+22384865202
+22384865203
+22384865204
+22384865205
+22384865206
+22384865207
+22384865208
+22384865209
+22384865210
+22384865211
+22384865212
+22384865213
+22384865214
+22384865215
+22384865216
+22384865217
+22384865218
+22384865219
+22384865220
+22384865221
+22384865222
+22384865223
+22384865224
+22384865225
+22384865226
+22384865227
+22384865228
+22384865229
+22384865230
+22384865231
+22384865232
+22384865233
+22384865234
+22384865235
+22384865236
+22384865237
+22384865238
+22384865239
+22384865240
+22384865241
+22384865242
+22384865243
+22384865244
+22384865245
+22384865246
+22384865247
+22384865248
+22384865249
+22384865250
+22384865251
+22384865252
+22384865253
+22384865254
+22384865255
+22384865256
+22384865257
+22384865258
+22384865259
+22384865260
+22384865261
+22384865262
+22384865263
+22384865264
+22384865265
+22384865266
+22384865267
+22384865268
+22384865269
+22384865270
+22384865271
+22384865272
+22384865273
+22384865274
+22384865275
+22384865276
+22384865277
+22384865278
+22384865279
+22384865280
+22384865281
+22384865282
+22384865283
+22384865284
+22384865285
+22384865286
+22384865287
+22384865288
+22384865289
+22384865290
+22384865291
+22384865292
+22384865293
+22384865294
+22384865295
+22384865296
+22384865297
+22384865298
+22384865299
+22384865300
+22384865301
+22384865302
+22384865303
+22384865304
+22384865305
+22384865306
+22384865307
+22384865308
+22384865309
+22384865310
+22384865311
+22384865312
+22384865313
+22384865314
+22384865315
+22384865316
+22384865317
+22384865318
+22384865319
+22384865320
+22384865321
+22384865322
+22384865323
+22384865324
+22384865325
+22384865326
+22384865327
+22384865328
+22384865329
+22384865330
+22384865331
+22384865332
+22384865333
+22384865334
+22384865335
+22384865336
+22384865337
+22384865338
+22384865339
+22384865340
+22384865341
+22384865342
+22384865343
+22384865344
+22384865345
+22384865346
+22384865347
+22384865348
+22384865349
+22384865350
+22384865351
+22384865352
+22384865353
+22384865354
+22384865355
+22384865356
+22384865357
+22384865358
+22384865359
+22384865360
+22384865361
+22384865362
+22384865363
+22384865364
+22384865365
+22384865366
+22384865367
+22384865368
+22384865369
+22384865370
+22384865371
+22384865372
+22384865373
+22384865374
+22384865375
+22384865376
+22384865377
+22384865378
+22384865379
+22384865380
+22384865381
+22384865382
+22384865383
+22384865384
+22384865385
+22384865386
+22384865387
+22384865388
+22384865389
+22384865390
+22384865391
+22384865392
+22384865393
+22384865394
+22384865395
+22384865396
+22384865397
+22384865398
+22384865399
+22384865400
+22384865401
+22384865402
+22384865403
+22384865404
+22384865405
+22384865406
+22384865407
+22384865408
+22384865409
+22384865410
+22384865411
+22384865412
+22384865413
+22384865414
+22384865415
+22384865416
+22384865417
+22384865418
+22384865419
+22384865420
+22384865421
+22384865422
+22384865423
+22384865424
+22384865425
+22384865426
+22384865427
+22384865428
+22384865429
+22384865430
+22384865431
+22384865432
+22384865433
+22384865434
+22384865435
+22384865436
+22384865437
+22384865438
+22384865439
+22384865440
+22384865441
+22384865442
+22384865443
+22384865444
+22384865445
+22384865446
+22384865447
+22384865448
+22384865449
+22384865450
+22384865451
+22384865452
+22384865453
+22384865454
+22384865455
+22384865456
+22384865457
+22384865458
+22384865459
+22384865460
+22384865461
+22384865462
+22384865463
+22384865464
+22384865465
+22384865466
+22384865467
+22384865468
+22384865469
+22384865470
+22384865471
+22384865472
+22384865473
+22384865474
+22384865475
+22384865476
+22384865477
+22384865478
+22384865479
+22384865481
+22384865482
+22384865483
+22384865484
+22384865485
+22384865486
+22384865487
+22384865488
+22384865489
+22384865490
+22384865491
+22384865492
+22384865493
+22384865494
+22384865495
+22384865496
+22384865497
+22384865498
+22384865499
+22384865500
+22384865501
+22384865502
+22384865503
+22384865504
+22384865505
+22384865506
+22384865507
+22384865508
+22384865509
+22384865510
+22384865511
+22384865512
+22384865513
+22384865514
+22384865515
+22384865516
+22384865517
+22384865518
+22384865519
+22384865520
+22384865521
+22384865522
+22384865523
+22384865524
+22384865525
+22384865526
+22384865527
+22384865528
+22384865529
+22384865530
+22384865531
+22384865532
+22384865533
+22384865534
+22384865535
+22384865536
+22384865537
+22384865538
+22384865539
+22384865540
+22384865541
+22384865542
+22384865543
+22384865544
+22384865545
+22384865546
+22384865547
+22384865548
+22384865549
+22384865550
+22384865551
+22384865552
+22384865553
+22384865554
+22384865555
+22384865556
+22384865557
+22384865558
+22384865559
+22384865560
+22384865561
+22384865562
+22384865563
+22384865564
+22384865565
+22384865566
+22384865567
+22384865568
+22384865569
+22384865570
+22384865571
+22384865572
+22384865573
+22384865574
+22384865575
+22384865576
+22384865577
+22384865578
+22384865579
+22384865580
+22384865581
+22384865582
+22384865583
+22384865584
+22384865585
+22384865586
+22384865587
+22384865588
+22384865589
+22384865590
+22384865591
+22384865592
+22384865593
+22384865594
+22384865595
+22384865596
+22384865597
+22384865598
+22384865599
+22384865600
+22384865601
+22384865602
+22384865603
+22384865604
+22384865605
+22384865606
+22384865607
+22384865608
+22384865609
+22384865610
+22384865611
+22384865612
+22384865613
+22384865614
+22384865615
+22384865616
+22384865617
+22384865618
+22384865619
+22384865620
+22384865621
+22384865622
+22384865623
+22384865624
+22384865625
+22384865626
+22384865627
+22384865628
+22384865629
+22384865630
+22384865631
+22384865632
+22384865633
+22384865634
+22384865635
+22384865636
+22384865637
+22384865638
+22384865639
+22384865640
+22384865641
+22384865642
+22384865643
+22384865644
+22384865645
+22384865646
+22384865647
+22384865648
+22384865649
+22384865650
+22384865651
+22384865652
+22384865653
+22384865654
+22384865655
+22384865656
+22384865657
+22384865658
+22384865659
+22384865660
+22384865661
+22384865662
+22384865663
+22384865664
+22384865665
+22384865666
+22384865667
+22384865668
+22384865669
+22384865671
+22384865672
+22384865673
+22384865674
+22384865675
+22384865676
+22384865677
+22384865678
+22384865679
+22384865680
+22384865681
+22384865682
+22384865683
+22384865684
+22384865685
+22384865686
+22384865687
+22384865688
+22384865689
+22384865690
+22384865691
+22384865692
+22384865693
+22384865694
+22384865695
+22384865696
+22384865697
+22384865698
+22384865699
+22384865700
+22384865701
+22384865702
+22384865703
+22384865704
+22384865705
+22384865706
+22384865707
+22384865708
+22384865709
+22384865710
+22384865711
+22384865712
+22384865713
+22384865714
+22384865715
+22384865716
+22384865717
+22384865718
+22384865719
+22384865720
+22384865721
+22384865722
+22384865723
+22384865724
+22384865725
+22384865726
+22384865727
+22384865728
+22384865729
+22384865730
+22384865731
+22384865732
+22384865733
+22384865734
+22384865735
+22384865736
+22384865737
+22384865738
+22384865739
+22384865740
+22384865741
+22384865742
+22384865743
+22384865744
+22384865745
+22384865746
+22384865747
+22384865748
+22384865749
+22384865750
+22384865751
+22384865752
+22384865753
+22384865754
+22384865755
+22384865756
+22384865757
+22384865758
+22384865759
+22384865760
+22384865761
+22384865762
+22384865763
+22384865764
+22384865765
+22384865766
+22384865767
+22384865768
+22384865769
+22384865770
+22384865771
+22384865772
+22384865773
+22384865774
+22384865775
+22384865776
+22384865777
+22384865778
+22384865779
+22384865780
+22384865781
+22384865782
+22384865783
+22384865784
+22384865785
+22384865786
+22384865787
+22384865788
+22384865789
+22384865790
+22384865791
+22384865792
+22384865793
+22384865794
+22384865795
+22384865796
+22384865797
+22384865798
+22384865799
+22384865800
+22384865801
+22384865802
+22384865803
+22384865804
+22384865805
+22384865806
+22384865807
+22384865808
+22384865809
+22384865810
+22384865811
+22384865812
+22384865813
+22384865814
+22384865815
+22384865816
+22384865817
+22384865818
+22384865819
+22384865820
+22384865821
+22384865822
+22384865823
+22384865824
+22384865825
+22384865826
+22384865827
+22384865828
+22384865829
+22384865830
+22384865831
+22384865832
+22384865833
+22384865834
+22384865835
+22384865836
+22384865837
+22384865838
+22384865839
+22384865840
+22384865841
+22384865842
+22384865843
+22384865844
+22384865845
+22384865846
+22384865847
+22384865848
+22384865849
+22384865850
+22384865851
+22384865852
+22384865853
+22384865854
+22384865855
+22384865856
+22384865857
+22384865858
+22384865859
+22384865860
+22384865861
+22384865862
+22384865863
+22384865864
+22384865865
+22384865866
+22384865867
+22384865868
+22384865869
+22384865870
+22384865871
+22384865872
+22384865873
+22384865874
+22384865875
+22384865876
+22384865877
+22384865878
+22384865879
+22384865880
+22384865881
+22384865882
+22384865883
+22384865884
+22384865885
+22384865886
+22384865887
+22384865888
+22384865889
+22384865890
+22384865891
+22384865892
+22384865893
+22384865894
+22384865895
+22384865896
+22384865897
+22384865898
+22384865899
+22384865900
+22384865901
+22384865902
+22384865903
+22384865904
+22384865905
+22384865906
+22384865907
+22384865908
+22384865909
+22384865910
+22384865911
+22384865912
+22384865913
+22384865914
+22384865915
+22384865916
+22384865917
+22384865918
+22384865919
+22384865920
+22384865921
+22384865922
+22384865923
+22384865924
+22384865925
+22384865926
+22384865927
+22384865928
+22384865929
+22384865930
+22384865931
+22384865932
+22384865933
+22384865934
+22384865935
+22384865936
+22384865937
+22384865938
+22384865939
+22384865940
+22384865941
+22384865942
+22384865943
+22384865944
+22384865945
+22384865946
+22384865947
+22384865948
+22384865949
+22384865950
+22384865951
+22384865952
+22384865953
+22384865954
+22384865955
+22384865956
+22384865957
+22384865958
+22384865959
+22384865960
+22384865961
+22384865962
+22384865963
+22384865964
+22384865965
+22384865966
+22384865967
+22384865968
+22384865969
+22384865970
+22384865971
+22384865972
+22384865973
+22384865974
+22384865975
+22384865976
+22384865977
+22384865978
+22384865979
+22384865980
+22384865981
+22384865982
+22384865983
+22384865984
+22384865985
+22384865986
+22384865987
+22384865988
+22384865989
+22384865990
+22384865991
+22384865992
+22384865993
+22384865994
+22384865995
+22384865996
+22384865997
+22384865998
+22384865999
+22391705000
+22391705001
+22391705002
+22391705003
+22391705004
+22391705005
+22391705006
+22391705007
+22391705008
+22391705009
+22391705010
+22391705011
+22391705012
+22391705013
+22391705014
+22391705015
+22391705016
+22391705017
+22391705018
+22391705019
+22391705020
+22391705021
+22391705022
+22391705023
+22391705024
+22391705025
+22391705026
+22391705027
+22391705028
+22391705029
+22391705030
+22391705031
+22391705032
+22391705033
+22391705034
+22391705035
+22391705036
+22391705037
+22391705038
+22391705039
+22391705040
+22391705041
+22391705042
+22391705043
+22391705044
+22391705045
+22391705046
+22391705047
+22391705048
+22391705049
+22391705050
+22391705051
+22391705052
+22391705053
+22391705054
+22391705055
+22391705056
+22391705057
+22391705058
+22391705059
+22391705060
+22391705061
+22391705062
+22391705063
+22391705064
+22391705065
+22391705066
+22391705067
+22391705068
+22391705069
+22391705070
+22391705071
+22391705072
+22391705073
+22391705074
+22391705075
+22391705076
+22391705077
+22391705078
+22391705079
+22391705080
+22391705081
+22391705082
+22391705083
+22391705084
+22391705085
+22391705086
+22391705087
+22391705088
+22391705089
+22391705090
+22391705091
+22391705092
+22391705093
+22391705094
+22391705095
+22391705096
+22391705097
+22391705098
+22391705099
+22391705100
+22391705101
+22391705102
+22391705103
+22391705104
+22391705105
+22391705106
+22391705107
+22391705108
+22391705109
+22391705110
+22391705111
+22391705112
+22391705113
+22391705114
+22391705115
+22391705116
+22391705117
+22391705118
+22391705119
+22391705120
+22391705121
+22391705122
+22391705123
+22391705124
+22391705125
+22391705126
+22391705127
+22391705128
+22391705129
+22391705130
+22391705131
+22391705132
+22391705133
+22391705134
+22391705135
+22391705136
+22391705137
+22391705138
+22391705139
+22391705140
+22391705141
+22391705142
+22391705143
+22391705144
+22391705145
+22391705146
+22391705147
+22391705148
+22391705149
+22391705150
+22391705151
+22391705152
+22391705153
+22391705154
+22391705155
+22391705156
+22391705157
+22391705158
+22391705159
+22391705160
+22391705161
+22391705162
+22391705163
+22391705164
+22391705165
+22391705166
+22391705167
+22391705168
+22391705169
+22391705170
+22391705171
+22391705172
+22391705173
+22391705174
+22391705175
+22391705176
+22391705177
+22391705178
+22391705179
+22391705180
+22391705181
+22391705182
+22391705183
+22391705184
+22391705185
+22391705186
+22391705187
+22391705188
+22391705189
+22391705190
+22391705191
+22391705192
+22391705193
+22391705194
+22391705195
+22391705196
+22391705197
+22391705198
+22391705199
+22391705200
+22391705201
+22391705202
+22391705203
+22391705204
+22391705205
+22391705206
+22391705207
+22391705208
+22391705209
+22391705210
+22391705211
+22391705212
+22391705213
+22391705214
+22391705215
+22391705216
+22391705217
+22391705218
+22391705219
+22391705220
+22391705221
+22391705222
+22391705223
+22391705224
+22391705225
+22391705226
+22391705227
+22391705228
+22391705229
+22391705230
+22391705231
+22391705232
+22391705233
+22391705234
+22391705235
+22391705236
+22391705237
+22391705238
+22391705239
+22391705240
+22391705241
+22391705242
+22391705243
+22391705244
+22391705245
+22391705246
+22391705247
+22391705248
+22391705249
+22391705250
+22391705251
+22391705252
+22391705253
+22391705254
+22391705255
+22391705256
+22391705257
+22391705258
+22391705259
+22391705260
+22391705261
+22391705262
+22391705263
+22391705264
+22391705265
+22391705266
+22391705267
+22391705268
+22391705269
+22391705270
+22391705271
+22391705272
+22391705273
+22391705274
+22391705275
+22391705276
+22391705277
+22391705278
+22391705279
+22391705280
+22391705281
+22391705282
+22391705283
+22391705284
+22391705285
+22391705286
+22391705287
+22391705288
+22391705289
+22391705290
+22391705291
+22391705292
+22391705293
+22391705294
+22391705295
+22391705296
+22391705297
+22391705298
+22391705299
+22391705300
+22391705301
+22391705302
+22391705303
+22391705304
+22391705305
+22391705306
+22391705307
+22391705308
+22391705309
+22391705310
+22391705311
+22391705312
+22391705313
+22391705314
+22391705315
+22391705316
+22391705317
+22391705318
+22391705319
+22391705320
+22391705321
+22391705322
+22391705323
+22391705324
+22391705325
+22391705326
+22391705327
+22391705328
+22391705329
+22391705330
+22391705331
+22391705332
+22391705333
+22391705334
+22391705335
+22391705336
+22391705337
+22391705338
+22391705339
+22391705340
+22391705341
+22391705342
+22391705343
+22391705344
+22391705345
+22391705346
+22391705347
+22391705348
+22391705349
+22391705350
+22391705351
+22391705352
+22391705353
+22391705354
+22391705355
+22391705356
+22391705357
+22391705358
+22391705359
+22391705360
+22391705361
+22391705362
+22391705363
+22391705364
+22391705365
+22391705366
+22391705367
+22391705368
+22391705369
+22391705370
+22391705371
+22391705372
+22391705373
+22391705374
+22391705375
+22391705376
+22391705377
+22391705378
+22391705379
+22391705380
+22391705381
+22391705382
+22391705383
+22391705384
+22391705385
+22391705386
+22391705387
+22391705388
+22391705389
+22391705390
+22391705391
+22391705392
+22391705393
+22391705394
+22391705395
+22391705396
+22391705397
+22391705398
+22391705399
+22391705400
+22391705401
+22391705402
+22391705403
+22391705404
+22391705405
+22391705406
+22391705407
+22391705408
+22391705409
+22391705410
+22391705411
+22391705412
+22391705413
+22391705414
+22391705415
+22391705416
+22391705417
+22391705418
+22391705419
+22391705420
+22391705421
+22391705422
+22391705423
+22391705424
+22391705425
+22391705426
+22391705427
+22391705428
+22391705429
+22391705430
+22391705431
+22391705432
+22391705433
+22391705434
+22391705436
+22391705437
+22391705438
+22391705439
+22391705440
+22391705441
+22391705442
+22391705443
+22391705444
+22391705445
+22391705446
+22391705447
+22391705448
+22391705449
+22391705450
+22391705451
+22391705452
+22391705453
+22391705454
+22391705455
+22391705456
+22391705457
+22391705458
+22391705459
+22391705460
+22391705461
+22391705462
+22391705463
+22391705464
+22391705465
+22391705466
+22391705467
+22391705468
+22391705469
+22391705470
+22391705471
+22391705472
+22391705473
+22391705474
+22391705475
+22391705476
+22391705477
+22391705478
+22391705479
+22391705480
+22391705481
+22391705482
+22391705483
+22391705484
+22391705485
+22391705486
+22391705487
+22391705488
+22391705489
+22391705490
+22391705491
+22391705492
+22391705493
+22391705494
+22391705495
+22391705496
+22391705497
+22391705498
+22391705499
+22391705500
+22391705501
+22391705502
+22391705503
+22391705504
+22391705505
+22391705506
+22391705507
+22391705508
+22391705509
+22391705510
+22391705511
+22391705512
+22391705513
+22391705514
+22391705515
+22391705516
+22391705517
+22391705518
+22391705519
+22391705520
+22391705521
+22391705522
+22391705523
+22391705524
+22391705525
+22391705526
+22391705527
+22391705528
+22391705529
+22391705530
+22391705531
+22391705532
+22391705533
+22391705534
+22391705535
+22391705536
+22391705537
+22391705538
+22391705539
+22391705540
+22391705541
+22391705542
+22391705543
+22391705544
+22391705545
+22391705546
+22391705547
+22391705548
+22391705549
+22391705550
+22391705551
+22391705552
+22391705553
+22391705554
+22391705555
+22391705556
+22391705557
+22391705558
+22391705559
+22391705560
+22391705561
+22391705562
+22391705563
+22391705564
+22391705565
+22391705566
+22391705567
+22391705568
+22391705569
+22391705570
+22391705571
+22391705572
+22391705573
+22391705574
+22391705575
+22391705576
+22391705577
+22391705578
+22391705579
+22391705580
+22391705581
+22391705582
+22391705583
+22391705584
+22391705585
+22391705586
+22391705587
+22391705588
+22391705589
+22391705590
+22391705591
+22391705592
+22391705593
+22391705594
+22391705595
+22391705596
+22391705597
+22391705598
+22391705599
+22391705600
+22391705601
+22391705602
+22391705603
+22391705604
+22391705605
+22391705606
+22391705607
+22391705608
+22391705609
+22391705610
+22391705611
+22391705612
+22391705613
+22391705614
+22391705615
+22391705616
+22391705617
+22391705618
+22391705619
+22391705620
+22391705621
+22391705622
+22391705623
+22391705624
+22391705625
+22391705626
+22391705627
+22391705628
+22391705629
+22391705630
+22391705631
+22391705632
+22391705633
+22391705634
+22391705635
+22391705636
+22391705637
+22391705638
+22391705639
+22391705640
+22391705641
+22391705642
+22391705643
+22391705644
+22391705645
+22391705646
+22391705647
+22391705648
+22391705649
+22391705650
+22391705651
+22391705652
+22391705653
+22391705654
+22391705655
+22391705656
+22391705657
+22391705658
+22391705659
+22391705660
+22391705661
+22391705662
+22391705663
+22391705664
+22391705665
+22391705666
+22391705667
+22391705668
+22391705669
+22391705670
+22391705671
+22391705672
+22391705673
+22391705674
+22391705675
+22391705676
+22391705677
+22391705678
+22391705679
+22391705680
+22391705681
+22391705682
+22391705683
+22391705684
+22391705685
+22391705686
+22391705687
+22391705688
+22391705689
+22391705690
+22391705691
+22391705692
+22391705693
+22391705694
+22391705695
+22391705696
+22391705697
+22391705698
+22391705699
+22391705700
+22391705701
+22391705702
+22391705703
+22391705704
+22391705705
+22391705706
+22391705707
+22391705708
+22391705709
+22391705710
+22391705711
+22391705712
+22391705713
+22391705714
+22391705715
+22391705716
+22391705717
+22391705718
+22391705719
+22391705720
+22391705721
+22391705722
+22391705723
+22391705724
+22391705725
+22391705726
+22391705727
+22391705728
+22391705729
+22391705730
+22391705731
+22391705732
+22391705733
+22391705734
+22391705736
+22391705737
+22391705738
+22391705739
+22391705740
+22391705741
+22391705742
+22391705743
+22391705744
+22391705745
+22391705746
+22391705747
+22391705748
+22391705749
+22391705750
+22391705751
+22391705752
+22391705753
+22391705754
+22391705755
+22391705756
+22391705757
+22391705758
+22391705759
+22391705760
+22391705761
+22391705762
+22391705763
+22391705764
+22391705765
+22391705766
+22391705767
+22391705768
+22391705769
+22391705770
+22391705771
+22391705772
+22391705773
+22391705774
+22391705775
+22391705776
+22391705777
+22391705778
+22391705779
+22391705780
+22391705781
+22391705782
+22391705783
+22391705784
+22391705785
+22391705786
+22391705787
+22391705788
+22391705789
+22391705790
+22391705791
+22391705792
+22391705793
+22391705794
+22391705795
+22391705796
+22391705797
+22391705798
+22391705799
+22391705800
+22391705801
+22391705802
+22391705803
+22391705804
+22391705805
+22391705806
+22391705807
+22391705808
+22391705809
+22391705810
+22391705811
+22391705812
+22391705813
+22391705814
+22391705815
+22391705816
+22391705817
+22391705818
+22391705819
+22391705820
+22391705821
+22391705822
+22391705823
+22391705824
+22391705825
+22391705826
+22391705827
+22391705828
+22391705829
+22391705830
+22391705831
+22391705832
+22391705833
+22391705834
+22391705835
+22391705836
+22391705837
+22391705838
+22391705839
+22391705840
+22391705841
+22391705842
+22391705843
+22391705844
+22391705845
+22391705846
+22391705847
+22391705848
+22391705849
+22391705850
+22391705851
+22391705852
+22391705853
+22391705854
+22391705855
+22391705856
+22391705857
+22391705858
+22391705859
+22391705860
+22391705861
+22391705862
+22391705863
+22391705864
+22391705865
+22391705866
+22391705867
+22391705868
+22391705869
+22391705870
+22391705871
+22391705872
+22391705873
+22391705874
+22391705875
+22391705876
+22391705877
+22391705878
+22391705879
+22391705880
+22391705881
+22391705882
+22391705883
+22391705884
+22391705885
+22391705886
+22391705887
+22391705888
+22391705889
+22391705890
+22391705891
+22391705892
+22391705893
+22391705894
+22391705895
+22391705896
+22391705897
+22391705898
+22391705899
+22391705900
+22391705901
+22391705902
+22391705903
+22391705904
+22391705905
+22391705906
+22391705907
+22391705908
+22391705909
+22391705910
+22391705911
+22391705912
+22391705913
+22391705914
+22391705915
+22391705916
+22391705917
+22391705918
+22391705919
+22391705920
+22391705921
+22391705922
+22391705923
+22391705924
+22391705925
+22391705926
+22391705927
+22391705928
+22391705929
+22391705930
+22391705931
+22391705932
+22391705933
+22391705934
+22391705935
+22391705936
+22391705937
+22391705938
+22391705939
+22391705940
+22391705941
+22391705942
+22391705943
+22391705944
+22391705945
+22391705946
+22391705947
+22391705948
+22391705949
+22391705950
+22391705951
+22391705952
+22391705953
+22391705954
+22391705955
+22391705956
+22391705957
+22391705958
+22391705959
+22391705960
+22391705961
+22391705962
+22391705963
+22391705964
+22391705965
+22391705966
+22391705967
+22391705968
+22391705969
+22391705970
+22391705971
+22391705972
+22391705973
+22391705974
+22391705975
+22391705976
+22391705977
+22391705978
+22391705979
+22391705980
+22391705981
+22391705982
+22391705983
+22391705984
+22391705985
+22391705986
+22391705987
+22391705988
+22391705989
+22391705990
+22391705991
+22391705992
+22391705993
+22391705994
+22391705995
+22391705996
+22391705997
+22391705998
+22391705999